"n","x0","delta","r","Weight","Power","MCSE"
50,0.25,0.05,1,"Uniform",0,0
50,0.25,0.05,1,"Central",0.0564,0.00326248494249399
50,0.25,0.05,1,"Tail",0.0438,0.00289418589589542
50,0.25,0.05,2,"Uniform",0,0
50,0.25,0.05,2,"Central",0.0538,0.00319078548323136
50,0.25,0.05,2,"Tail",0.0516,0.00312849612433834
50,0.25,0.05,3,"Uniform",0,0
50,0.25,0.05,3,"Central",0.0456,0.00295027591929975
50,0.25,0.05,3,"Tail",0.0494,0.0030646252625729
50,0.25,0.05,5,"Uniform",0,0
50,0.25,0.05,5,"Central",0.048,0.00302311098043059
50,0.25,0.05,5,"Tail",0.0498,0.00307636018697421
50,0.25,0.05,8,"Uniform",0,0
50,0.25,0.05,8,"Central",0.0492,0.00305873699425106
50,0.25,0.05,8,"Tail",0.0582,0.003310974478911
50,0.25,0.1,1,"Uniform",0,0
50,0.25,0.1,1,"Central",0.0566,0.00326791799162709
50,0.25,0.1,1,"Tail",0.0424,0.00284963997726029
50,0.25,0.1,2,"Uniform",0,0
50,0.25,0.1,2,"Central",0.055,0.0032241277890307
50,0.25,0.1,2,"Tail",0.0456,0.00295027591929975
50,0.25,0.1,3,"Uniform",0,0
50,0.25,0.1,3,"Central",0.0448,0.00292550713552369
50,0.25,0.1,3,"Tail",0.052,0.00313993630508646
50,0.25,0.1,5,"Uniform",0,0
50,0.25,0.1,5,"Central",0.0522,0.00314563697841947
50,0.25,0.1,5,"Tail",0.0476,0.00301112072159188
50,0.25,0.1,8,"Uniform",0,0
50,0.25,0.1,8,"Central",0.0422,0.00284320804725929
50,0.25,0.1,8,"Tail",0.0652,0.00349138826256834
50,0.25,0.2,1,"Uniform",0,0
50,0.25,0.2,1,"Central",0.067,0.00353584501922808
50,0.25,0.2,1,"Tail",0.0374,0.00268332778467335
50,0.25,0.2,2,"Uniform",0,0
50,0.25,0.2,2,"Central",0.0544,0.0032075111847038
50,0.25,0.2,2,"Tail",0.0486,0.0030409879973456
50,0.25,0.2,3,"Uniform",0,0
50,0.25,0.2,3,"Central",0.0476,0.00301112072159188
50,0.25,0.2,3,"Tail",0.0524,0.00315132480077824
50,0.25,0.2,5,"Uniform",0,0
50,0.25,0.2,5,"Central",0.0492,0.00305873699425106
50,0.25,0.2,5,"Tail",0.0498,0.00307636018697421
50,0.25,0.2,8,"Uniform",0,0
50,0.25,0.2,8,"Central",0.043,0.00286883251515316
50,0.25,0.2,8,"Tail",0.0776,0.00378360251612137
50,0.25,0.4,1,"Uniform",0,0
50,0.25,0.4,1,"Central",0.0764,0.00375667512569293
50,0.25,0.4,1,"Tail",0.0318,0.00248148181536758
50,0.25,0.4,2,"Uniform",0,0
50,0.25,0.4,2,"Central",0.0626,0.00342582077756557
50,0.25,0.4,2,"Tail",0.0458,0.00295642892693195
50,0.25,0.4,3,"Uniform",0,0
50,0.25,0.4,3,"Central",0.0468,0.00298696367570816
50,0.25,0.4,3,"Tail",0.0592,0.0033375248313683
50,0.25,0.4,5,"Uniform",0,0
50,0.25,0.4,5,"Central",0.0396,0.00275796446677618
50,0.25,0.4,5,"Tail",0.0718,0.00365088372863338
50,0.25,0.4,8,"Uniform",0,0
50,0.25,0.4,8,"Central",0.019,0.00193075114916449
50,0.25,0.4,8,"Tail",0.1148,0.00450823601866628
50,0.5,0.05,1,"Uniform",0,0
50,0.5,0.05,1,"Central",0.048,0.00302311098043059
50,0.5,0.05,1,"Tail",0.0452,0.00293792307591605
50,0.5,0.05,2,"Uniform",0,0
50,0.5,0.05,2,"Central",0.0498,0.00307636018697421
50,0.5,0.05,2,"Tail",0.0516,0.00312849612433834
50,0.5,0.05,3,"Uniform",0,0
50,0.5,0.05,3,"Central",0.0472,0.00299907185642492
50,0.5,0.05,3,"Tail",0.0494,0.0030646252625729
50,0.5,0.05,5,"Uniform",0,0
50,0.5,0.05,5,"Central",0.0552,0.0032296427046966
50,0.5,0.05,5,"Tail",0.0468,0.00298696367570816
50,0.5,0.05,8,"Uniform",0,0
50,0.5,0.05,8,"Central",0.0482,0.00302908435009658
50,0.5,0.05,8,"Tail",0.0544,0.0032075111847038
50,0.5,0.1,1,"Uniform",0,0
50,0.5,0.1,1,"Central",0.0528,0.00316266216975509
50,0.5,0.1,1,"Tail",0.052,0.00313993630508646
50,0.5,0.1,2,"Uniform",0,0
50,0.5,0.1,2,"Central",0.052,0.00313993630508646
50,0.5,0.1,2,"Tail",0.0492,0.00305873699425106
50,0.5,0.1,3,"Uniform",0,0
50,0.5,0.1,3,"Central",0.0468,0.00298696367570816
50,0.5,0.1,3,"Tail",0.047,0.00299302522541993
50,0.5,0.1,5,"Uniform",0,0
50,0.5,0.1,5,"Central",0.0586,0.00332162731202644
50,0.5,0.1,5,"Tail",0.0386,0.00272433624943765
50,0.5,0.1,8,"Uniform",0,0
50,0.5,0.1,8,"Central",0.0508,0.00310545842026584
50,0.5,0.1,8,"Tail",0.0514,0.00312275647465504
50,0.5,0.2,1,"Uniform",0,0
50,0.5,0.2,1,"Central",0.053,0.00316831185333767
50,0.5,0.2,1,"Tail",0.044,0.00290048271844533
50,0.5,0.2,2,"Uniform",0,0
50,0.5,0.2,2,"Central",0.068,0.00356022471200906
50,0.5,0.2,2,"Tail",0.0536,0.00318518570887162
50,0.5,0.2,3,"Uniform",0,0
50,0.5,0.2,3,"Central",0.0606,0.00337424480439698
50,0.5,0.2,3,"Tail",0.051,0.00311123769583746
50,0.5,0.2,5,"Uniform",0,0
50,0.5,0.2,5,"Central",0.068,0.00356022471200906
50,0.5,0.2,5,"Tail",0.0436,0.00288787257336608
50,0.5,0.2,8,"Uniform",0,0
50,0.5,0.2,8,"Central",0.0558,0.00324611644892786
50,0.5,0.2,8,"Tail",0.052,0.00313993630508646
50,0.5,0.4,1,"Uniform",0,0
50,0.5,0.4,1,"Central",0.0928,0.0041033683724472
50,0.5,0.4,1,"Tail",0.0454,0.00294410733499986
50,0.5,0.4,2,"Uniform",0,0
50,0.5,0.4,2,"Central",0.0926,0.00409939605307904
50,0.5,0.4,2,"Tail",0.038,0.0027039230758289
50,0.5,0.4,3,"Uniform",0,0
50,0.5,0.4,3,"Central",0.085,0.003943982758583
50,0.5,0.4,3,"Tail",0.0334,0.00254104073166882
50,0.5,0.4,5,"Uniform",0,0
50,0.5,0.4,5,"Central",0.0706,0.00362258581678889
50,0.5,0.4,5,"Tail",0.0232,0.0021289321266776
50,0.5,0.4,8,"Uniform",0,0
50,0.5,0.4,8,"Central",0.0478,0.00301712313305241
50,0.5,0.4,8,"Tail",0.0316,0.00247392158323581
50,0.75,0.05,1,"Uniform",0,0
50,0.75,0.05,1,"Central",0.038,0.0027039230758289
50,0.75,0.05,1,"Tail",0.0596,0.00334806929438445
50,0.75,0.05,2,"Uniform",0,0
50,0.75,0.05,2,"Central",0.0444,0.00291302729132427
50,0.75,0.05,2,"Tail",0.0578,0.00330027756408457
50,0.75,0.05,3,"Uniform",0,0
50,0.75,0.05,3,"Central",0.0398,0.00276463234445378
50,0.75,0.05,3,"Tail",0.059,0.00333223648620562
50,0.75,0.05,5,"Uniform",0,0
50,0.75,0.05,5,"Central",0.0472,0.00299907185642492
50,0.75,0.05,5,"Tail",0.0394,0.00275127752144345
50,0.75,0.05,8,"Uniform",0,0
50,0.75,0.05,8,"Central",0.0394,0.00275127752144345
50,0.75,0.05,8,"Tail",0.0596,0.00334806929438445
50,0.75,0.1,1,"Uniform",0,0
50,0.75,0.1,1,"Central",0.0296,0.00239682456596222
50,0.75,0.1,1,"Tail",0.0852,0.0039481884453506
50,0.75,0.1,2,"Uniform",0,0
50,0.75,0.1,2,"Central",0.0326,0.00251146331846595
50,0.75,0.1,2,"Tail",0.0774,0.00377913323395723
50,0.75,0.1,3,"Uniform",0,0
50,0.75,0.1,3,"Central",0.0272,0.00230044169671826
50,0.75,0.1,3,"Tail",0.0674,0.00354562378150869
50,0.75,0.1,5,"Uniform",0,0
50,0.75,0.1,5,"Central",0.032,0.00248901586977665
50,0.75,0.1,5,"Tail",0.0456,0.00295027591929975
50,0.75,0.1,8,"Uniform",0,0
50,0.75,0.1,8,"Central",0.0322,0.00249652398346181
50,0.75,0.1,8,"Tail",0.0446,0.00291927525252416
50,0.75,0.2,1,"Uniform",0,0
50,0.75,0.2,1,"Central",0.0212,0.00203718236787971
50,0.75,0.2,1,"Tail",0.159,0.00517144080503683
50,0.75,0.2,2,"Uniform",0,0
50,0.75,0.2,2,"Central",0.019,0.00193075114916449
50,0.75,0.2,2,"Tail",0.1614,0.00520288458453577
50,0.75,0.2,3,"Uniform",0,0
50,0.75,0.2,3,"Central",0.0146,0.00169628063715884
50,0.75,0.2,3,"Tail",0.1172,0.00454893745835222
50,0.75,0.2,5,"Uniform",0,0
50,0.75,0.2,5,"Central",0.0214,0.00204656004065358
50,0.75,0.2,5,"Tail",0.0528,0.00316266216975509
50,0.75,0.2,8,"Uniform",0,0
50,0.75,0.2,8,"Central",0.0154,0.00174142700105402
50,0.75,0.2,8,"Tail",0.04,0.0027712812921102
50,0.75,0.4,1,"Uniform",0,0
50,0.75,0.4,1,"Central",0.3114,0.00654874094769369
50,0.75,0.4,1,"Tail",0.0098,0.00139312311013779
50,0.75,0.4,2,"Uniform",0,0
50,0.75,0.4,2,"Central",0.2804,0.00635257176268006
50,0.75,0.4,2,"Tail",0.0112,0.00148825804214189
50,0.75,0.4,3,"Uniform",0,0
50,0.75,0.4,3,"Central",0.221,0.00586786162072692
50,0.75,0.4,3,"Tail",0.01,0.00140712472794703
50,0.75,0.4,5,"Uniform",0,0
50,0.75,0.4,5,"Central",0.215,0.00580990533485702
50,0.75,0.4,5,"Tail",0.0152,0.00173025778426222
50,0.75,0.4,8,"Uniform",0,0
50,0.75,0.4,8,"Central",0.1784,0.00541430401806179
50,0.75,0.4,8,"Tail",0.0244,0.00218195508661384
100,0.25,0.05,1,"Uniform",0,0
100,0.25,0.05,1,"Central",0.0582,0.003310974478911
100,0.25,0.05,1,"Tail",0.0394,0.00275127752144345
100,0.25,0.05,2,"Uniform",0,0
100,0.25,0.05,2,"Central",0.055,0.0032241277890307
100,0.25,0.05,2,"Tail",0.0464,0.00297479545515318
100,0.25,0.05,3,"Uniform",0,0
100,0.25,0.05,3,"Central",0.0514,0.00312275647465504
100,0.25,0.05,3,"Tail",0.049,0.00305283474822991
100,0.25,0.05,5,"Uniform",0,0
100,0.25,0.05,5,"Central",0.0488,0.00304691844328003
100,0.25,0.05,5,"Tail",0.048,0.00302311098043059
100,0.25,0.05,8,"Uniform",0,0
100,0.25,0.05,8,"Central",0.0568,0.00327333957908433
100,0.25,0.05,8,"Tail",0.0494,0.0030646252625729
100,0.25,0.1,1,"Uniform",0,0
100,0.25,0.1,1,"Central",0.069,0.00358438279205779
100,0.25,0.1,1,"Tail",0.038,0.0027039230758289
100,0.25,0.1,2,"Uniform",0,0
100,0.25,0.1,2,"Central",0.0564,0.00326248494249399
100,0.25,0.1,2,"Tail",0.0438,0.00289418589589542
100,0.25,0.1,3,"Uniform",0,0
100,0.25,0.1,3,"Central",0.0598,0.00335332551357604
100,0.25,0.1,3,"Tail",0.0456,0.00295027591929975
100,0.25,0.1,5,"Uniform",0,0
100,0.25,0.1,5,"Central",0.0458,0.00295642892693195
100,0.25,0.1,5,"Tail",0.0516,0.00312849612433834
100,0.25,0.1,8,"Uniform",0,0
100,0.25,0.1,8,"Central",0.0492,0.00305873699425106
100,0.25,0.1,8,"Tail",0.0548,0.00321860093829602
100,0.25,0.2,1,"Uniform",0,0
100,0.25,0.2,1,"Central",0.085,0.003943982758583
100,0.25,0.2,1,"Tail",0.0264,0.00226729089443768
100,0.25,0.2,2,"Uniform",0,0
100,0.25,0.2,2,"Central",0.0608,0.00337944847571316
100,0.25,0.2,2,"Tail",0.0418,0.00283029185774188
100,0.25,0.2,3,"Uniform",0,0
100,0.25,0.2,3,"Central",0.0578,0.00330027756408457
100,0.25,0.2,3,"Tail",0.0488,0.00304691844328003
100,0.25,0.2,5,"Uniform",0,0
100,0.25,0.2,5,"Central",0.0468,0.00298696367570816
100,0.25,0.2,5,"Tail",0.0562,0.00325704037432759
100,0.25,0.2,8,"Uniform",0,0
100,0.25,0.2,8,"Central",0.0448,0.00292550713552369
100,0.25,0.2,8,"Tail",0.0576,0.00329491244193226
100,0.25,0.4,1,"Uniform",0,0
100,0.25,0.4,1,"Central",0.097,0.0041854748834511
100,0.25,0.4,1,"Tail",0.0278,0.00232495849425318
100,0.25,0.4,2,"Uniform",0,0
100,0.25,0.4,2,"Central",0.0748,0.00372034837078465
100,0.25,0.4,2,"Tail",0.0436,0.00288787257336608
100,0.25,0.4,3,"Uniform",0,0
100,0.25,0.4,3,"Central",0.0522,0.00314563697841947
100,0.25,0.4,3,"Tail",0.0554,0.00323514574633045
100,0.25,0.4,5,"Uniform",0,0
100,0.25,0.4,5,"Central",0.0388,0.00273110087693589
100,0.25,0.4,5,"Tail",0.0742,0.00370659844061911
100,0.25,0.4,8,"Uniform",0,0
100,0.25,0.4,8,"Central",0.0276,0.00231681850821336
100,0.25,0.4,8,"Tail",0.0868,0.00398160168776336
100,0.5,0.05,1,"Uniform",0,0
100,0.5,0.05,1,"Central",0.053,0.00316831185333767
100,0.5,0.05,1,"Tail",0.0422,0.00284320804725929
100,0.5,0.05,2,"Uniform",0,0
100,0.5,0.05,2,"Central",0.0482,0.00302908435009658
100,0.5,0.05,2,"Tail",0.054,0.00319637294444813
100,0.5,0.05,3,"Uniform",0,0
100,0.5,0.05,3,"Central",0.0538,0.00319078548323136
100,0.5,0.05,3,"Tail",0.0524,0.00315132480077824
100,0.5,0.05,5,"Uniform",0,0
100,0.5,0.05,5,"Central",0.054,0.00319637294444813
100,0.5,0.05,5,"Tail",0.0492,0.00305873699425106
100,0.5,0.05,8,"Uniform",0,0
100,0.5,0.05,8,"Central",0.0552,0.0032296427046966
100,0.5,0.05,8,"Tail",0.0438,0.00289418589589542
100,0.5,0.1,1,"Uniform",0,0
100,0.5,0.1,1,"Central",0.0582,0.003310974478911
100,0.5,0.1,1,"Tail",0.0492,0.00305873699425106
100,0.5,0.1,2,"Uniform",0,0
100,0.5,0.1,2,"Central",0.054,0.00319637294444813
100,0.5,0.1,2,"Tail",0.0546,0.00321306209090332
100,0.5,0.1,3,"Uniform",0,0
100,0.5,0.1,3,"Central",0.0494,0.0030646252625729
100,0.5,0.1,3,"Tail",0.056,0.00325158422926425
100,0.5,0.1,5,"Uniform",0,0
100,0.5,0.1,5,"Central",0.0536,0.00318518570887162
100,0.5,0.1,5,"Tail",0.0474,0.00300510365877785
100,0.5,0.1,8,"Uniform",0,0
100,0.5,0.1,8,"Central",0.054,0.00319637294444813
100,0.5,0.1,8,"Tail",0.0516,0.00312849612433834
100,0.5,0.2,1,"Uniform",0,0
100,0.5,0.2,1,"Central",0.068,0.00356022471200906
100,0.5,0.2,1,"Tail",0.0502,0.00308804015517933
100,0.5,0.2,2,"Uniform",0,0
100,0.5,0.2,2,"Central",0.0698,0.00360355269144216
100,0.5,0.2,2,"Tail",0.0548,0.00321860093829602
100,0.5,0.2,3,"Uniform",0,0
100,0.5,0.2,3,"Central",0.0594,0.00334280241713446
100,0.5,0.2,3,"Tail",0.0588,0.00332693733033852
100,0.5,0.2,5,"Uniform",0,0
100,0.5,0.2,5,"Central",0.0584,0.00331630637909105
100,0.5,0.2,5,"Tail",0.0554,0.00323514574633045
100,0.5,0.2,8,"Uniform",0,0
100,0.5,0.2,8,"Central",0.0602,0.00336380617753164
100,0.5,0.2,8,"Tail",0.0456,0.00295027591929975
100,0.5,0.4,1,"Uniform",0,0
100,0.5,0.4,1,"Central",0.0956,0.00415838045397484
100,0.5,0.4,1,"Tail",0.06,0.00335857112474933
100,0.5,0.4,2,"Uniform",0,0
100,0.5,0.4,2,"Central",0.0938,0.00412314346100157
100,0.5,0.4,2,"Tail",0.0558,0.00324611644892786
100,0.5,0.4,3,"Uniform",0,0
100,0.5,0.4,3,"Central",0.0976,0.00419700464617327
100,0.5,0.4,3,"Tail",0.0536,0.00318518570887162
100,0.5,0.4,5,"Uniform",0,0
100,0.5,0.4,5,"Central",0.077,0.00377017240985078
100,0.5,0.4,5,"Tail",0.0392,0.0027445713690848
100,0.5,0.4,8,"Uniform",0,0
100,0.5,0.4,8,"Central",0.065,0.00348640215695206
100,0.5,0.4,8,"Tail",0.025,0.00220794021658196
100,0.75,0.05,1,"Uniform",0,0
100,0.75,0.05,1,"Central",0.0326,0.00251146331846595
100,0.75,0.05,1,"Tail",0.07,0.00360832371053374
100,0.75,0.05,2,"Uniform",0,0
100,0.75,0.05,2,"Central",0.0416,0.00282380735886852
100,0.75,0.05,2,"Tail",0.0706,0.00362258581678889
100,0.75,0.05,3,"Uniform",0,0
100,0.75,0.05,3,"Central",0.0348,0.00259187036712873
100,0.75,0.05,3,"Tail",0.082,0.00388010309141394
100,0.75,0.05,5,"Uniform",0,0
100,0.75,0.05,5,"Central",0.0318,0.00248148181536758
100,0.75,0.05,5,"Tail",0.0718,0.00365088372863338
100,0.75,0.05,8,"Uniform",0,0
100,0.75,0.05,8,"Central",0.0418,0.00283029185774188
100,0.75,0.05,8,"Tail",0.0576,0.00329491244193226
100,0.75,0.1,1,"Uniform",0,0
100,0.75,0.1,1,"Central",0.0194,0.00195057119839292
100,0.75,0.1,1,"Tail",0.1076,0.00438228798688539
100,0.75,0.1,2,"Uniform",0,0
100,0.75,0.1,2,"Central",0.0124,0.00156500734822556
100,0.75,0.1,2,"Tail",0.1232,0.00464804819252124
100,0.75,0.1,3,"Uniform",0,0
100,0.75,0.1,3,"Central",0.0216,0.00205589104769684
100,0.75,0.1,3,"Tail",0.1326,0.00479619098869092
100,0.75,0.1,5,"Uniform",0,0
100,0.75,0.1,5,"Central",0.0162,0.00178536046780475
100,0.75,0.1,5,"Tail",0.1084,0.00439657685023246
100,0.75,0.1,8,"Uniform",0,0
100,0.75,0.1,8,"Central",0.0216,0.00205589104769684
100,0.75,0.1,8,"Tail",0.0926,0.00409939605307904
100,0.75,0.2,1,"Uniform",0,0
100,0.75,0.2,1,"Central",0.0034,0.0008232180756033
100,0.75,0.2,1,"Tail",0.3106,0.00654412163701134
100,0.75,0.2,2,"Uniform",0,0
100,0.75,0.2,2,"Central",0.0022,0.000662594898863551
100,0.75,0.2,2,"Tail",0.3492,0.00674180035302144
100,0.75,0.2,3,"Uniform",0,0
100,0.75,0.2,3,"Central",0.0028,0.000747283078893133
100,0.75,0.2,3,"Tail",0.3464,0.00672914615683149
100,0.75,0.2,5,"Uniform",0,0
100,0.75,0.2,5,"Central",6e-04,0.000346306222872186
100,0.75,0.2,5,"Tail",0.296,0.00645575712058624
100,0.75,0.2,8,"Uniform",0,0
100,0.75,0.2,8,"Central",0.001,0.00044698993277254
100,0.75,0.2,8,"Tail",0.1632,0.00522619861849892
100,0.75,0.4,1,"Uniform",0,0
100,0.75,0.4,1,"Central",0.4908,0.00706987072017586
100,0.75,0.4,1,"Tail",0.0046,0.000956957679315026
100,0.75,0.4,2,"Uniform",0,0
100,0.75,0.4,2,"Central",0.4254,0.00699192162427469
100,0.75,0.4,2,"Tail",0.0056,0.00105533312276267
100,0.75,0.4,3,"Uniform",0,0
100,0.75,0.4,3,"Central",0.3652,0.00680924312974651
100,0.75,0.4,3,"Tail",0.0078,0.00124411896537268
100,0.75,0.4,5,"Uniform",0,0
100,0.75,0.4,5,"Central",0.2824,0.00636632138679787
100,0.75,0.4,5,"Tail",0.012,0.00153987012439361
100,0.75,0.4,8,"Uniform",0,0
100,0.75,0.4,8,"Central",0.2526,0.00614480658768036
100,0.75,0.4,8,"Tail",0.0144,0.00168479316237929
200,0.25,0.05,1,"Uniform",0,0
200,0.25,0.05,1,"Central",0.071,0.00363205176174569
200,0.25,0.05,1,"Tail",0.0424,0.00284963997726029
200,0.25,0.05,2,"Uniform",0,0
200,0.25,0.05,2,"Central",0.0596,0.00334806929438445
200,0.25,0.05,2,"Tail",0.0392,0.0027445713690848
200,0.25,0.05,3,"Uniform",0,0
200,0.25,0.05,3,"Central",0.063,0.00343601513384327
200,0.25,0.05,3,"Tail",0.0514,0.00312275647465504
200,0.25,0.05,5,"Uniform",0,0
200,0.25,0.05,5,"Central",0.0552,0.0032296427046966
200,0.25,0.05,5,"Tail",0.051,0.00311123769583746
200,0.25,0.05,8,"Uniform",0,0
200,0.25,0.05,8,"Central",0.0466,0.00298088711627931
200,0.25,0.05,8,"Tail",0.0478,0.00301712313305241
200,0.25,0.1,1,"Uniform",0,0
200,0.25,0.1,1,"Central",0.068,0.00356022471200906
200,0.25,0.1,1,"Tail",0.039,0.00273784586856163
200,0.25,0.1,2,"Uniform",0,0
200,0.25,0.1,2,"Central",0.0676,0.0035504996831432
200,0.25,0.1,2,"Tail",0.0336,0.00254837359898426
200,0.25,0.1,3,"Uniform",0,0
200,0.25,0.1,3,"Central",0.0604,0.00336903072114221
200,0.25,0.1,3,"Tail",0.0466,0.00298088711627931
200,0.25,0.1,5,"Uniform",0,0
200,0.25,0.1,5,"Central",0.0542,0.00320194815698193
200,0.25,0.1,5,"Tail",0.0476,0.00301112072159188
200,0.25,0.1,8,"Uniform",0,0
200,0.25,0.1,8,"Central",0.055,0.0032241277890307
200,0.25,0.1,8,"Tail",0.0448,0.00292550713552369
200,0.25,0.2,1,"Uniform",0,0
200,0.25,0.2,1,"Central",0.085,0.003943982758583
200,0.25,0.2,1,"Tail",0.027,0.00229220417938717
200,0.25,0.2,2,"Uniform",0,0
200,0.25,0.2,2,"Central",0.0724,0.00366492128155572
200,0.25,0.2,2,"Tail",0.0352,0.00260618341641566
200,0.25,0.2,3,"Uniform",0,0
200,0.25,0.2,3,"Central",0.0632,0.00344109749934523
200,0.25,0.2,3,"Tail",0.039,0.00273784586856163
200,0.25,0.2,5,"Uniform",0,0
200,0.25,0.2,5,"Central",0.051,0.00311123769583746
200,0.25,0.2,5,"Tail",0.05,0.00308220700148449
200,0.25,0.2,8,"Uniform",0,0
200,0.25,0.2,8,"Central",0.038,0.0027039230758289
200,0.25,0.2,8,"Tail",0.0606,0.00337424480439698
200,0.25,0.4,1,"Uniform",0,0
200,0.25,0.4,1,"Central",0.1222,0.00463178496910208
200,0.25,0.4,1,"Tail",0.0226,0.00210186774084384
200,0.25,0.4,2,"Uniform",0,0
200,0.25,0.4,2,"Central",0.0842,0.00392709460033751
200,0.25,0.4,2,"Tail",0.0386,0.00272433624943765
200,0.25,0.4,3,"Uniform",0,0
200,0.25,0.4,3,"Central",0.0696,0.00359877312427444
200,0.25,0.4,3,"Tail",0.048,0.00302311098043059
200,0.25,0.4,5,"Uniform",0,0
200,0.25,0.4,5,"Central",0.045,0.00293172304285381
200,0.25,0.4,5,"Tail",0.0664,0.00352110891623647
200,0.25,0.4,8,"Uniform",0,0
200,0.25,0.4,8,"Central",0.0218,0.00206517602155361
200,0.25,0.4,8,"Tail",0.0918,0.0040834485425924
200,0.5,0.05,1,"Uniform",0,0
200,0.5,0.05,1,"Central",0.056,0.00325158422926425
200,0.5,0.05,1,"Tail",0.0496,0.00307049963361014
200,0.5,0.05,2,"Uniform",0,0
200,0.5,0.05,2,"Central",0.0464,0.00297479545515318
200,0.5,0.05,2,"Tail",0.0532,0.00317394895989208
200,0.5,0.05,3,"Uniform",0,0
200,0.5,0.05,3,"Central",0.0514,0.00312275647465504
200,0.5,0.05,3,"Tail",0.0496,0.00307049963361014
200,0.5,0.05,5,"Uniform",0,0
200,0.5,0.05,5,"Central",0.0484,0.00303504332753257
200,0.5,0.05,5,"Tail",0.0592,0.0033375248313683
200,0.5,0.05,8,"Uniform",0,0
200,0.5,0.05,8,"Central",0.0562,0.00325704037432759
200,0.5,0.05,8,"Tail",0.0504,0.00309385972532693
200,0.5,0.1,1,"Uniform",0,0
200,0.5,0.1,1,"Central",0.0592,0.0033375248313683
200,0.5,0.1,1,"Tail",0.0488,0.00304691844328003
200,0.5,0.1,2,"Uniform",0,0
200,0.5,0.1,2,"Central",0.0552,0.0032296427046966
200,0.5,0.1,2,"Tail",0.051,0.00311123769583746
200,0.5,0.1,3,"Uniform",0,0
200,0.5,0.1,3,"Central",0.0536,0.00318518570887162
200,0.5,0.1,3,"Tail",0.0576,0.00329491244193226
200,0.5,0.1,5,"Uniform",0,0
200,0.5,0.1,5,"Central",0.0514,0.00312275647465504
200,0.5,0.1,5,"Tail",0.0564,0.00326248494249399
200,0.5,0.1,8,"Uniform",0,0
200,0.5,0.1,8,"Central",0.0544,0.0032075111847038
200,0.5,0.1,8,"Tail",0.0536,0.00318518570887162
200,0.5,0.2,1,"Uniform",0,0
200,0.5,0.2,1,"Central",0.0658,0.00350629034736144
200,0.5,0.2,1,"Tail",0.0518,0.0031342227106573
200,0.5,0.2,2,"Uniform",0,0
200,0.5,0.2,2,"Central",0.0618,0.00340531232047811
200,0.5,0.2,2,"Tail",0.0552,0.0032296427046966
200,0.5,0.2,3,"Uniform",0,0
200,0.5,0.2,3,"Central",0.0708,0.00362732297982962
200,0.5,0.2,3,"Tail",0.0636,0.0034512328232097
200,0.5,0.2,5,"Uniform",0,0
200,0.5,0.2,5,"Central",0.0622,0.00341558662604244
200,0.5,0.2,5,"Tail",0.0668,0.00353094208392038
200,0.5,0.2,8,"Uniform",0,0
200,0.5,0.2,8,"Central",0.0612,0.00338982477423244
200,0.5,0.2,8,"Tail",0.06,0.00335857112474933
200,0.5,0.4,1,"Uniform",0,0
200,0.5,0.4,1,"Central",0.1116,0.00445298641363299
200,0.5,0.4,1,"Tail",0.0772,0.00377465654066698
200,0.5,0.4,2,"Uniform",0,0
200,0.5,0.4,2,"Central",0.0962,0.00417002541958679
200,0.5,0.4,2,"Tail",0.0674,0.00354562378150869
200,0.5,0.4,3,"Uniform",0,0
200,0.5,0.4,3,"Central",0.0998,0.00423886682970815
200,0.5,0.4,3,"Tail",0.072,0.00365557109081468
200,0.5,0.4,5,"Uniform",0,0
200,0.5,0.4,5,"Central",0.0824,0.00388870775451177
200,0.5,0.4,5,"Tail",0.0606,0.00337424480439698
200,0.5,0.4,8,"Uniform",0,0
200,0.5,0.4,8,"Central",0.0686,0.00357474586509307
200,0.5,0.4,8,"Tail",0.0394,0.00275127752144345
200,0.75,0.05,1,"Uniform",0,0
200,0.75,0.05,1,"Central",0.0262,0.00225891832521674
200,0.75,0.05,1,"Tail",0.0908,0.00406338184275118
200,0.75,0.05,2,"Uniform",0,0
200,0.75,0.05,2,"Central",0.0284,0.00234918879615922
200,0.75,0.05,2,"Tail",0.0846,0.00393555180375002
200,0.75,0.05,3,"Uniform",0,0
200,0.75,0.05,3,"Central",0.0288,0.00236518751899294
200,0.75,0.05,3,"Tail",0.1,0.00424264068711928
200,0.75,0.05,5,"Uniform",0,0
200,0.75,0.05,5,"Central",0.028,0.00233306665142683
200,0.75,0.05,5,"Tail",0.0926,0.00409939605307904
200,0.75,0.05,8,"Uniform",0,0
200,0.75,0.05,8,"Central",0.0302,0.00242024626846112
200,0.75,0.05,8,"Tail",0.0826,0.00389299987156434
200,0.75,0.1,1,"Uniform",0,0
200,0.75,0.1,1,"Central",0.0144,0.00168479316237929
200,0.75,0.1,1,"Tail",0.1716,0.00533204351070019
200,0.75,0.1,2,"Uniform",0,0
200,0.75,0.1,2,"Central",0.0086,0.00130583613060751
200,0.75,0.1,2,"Tail",0.1848,0.00548906112190418
200,0.75,0.1,3,"Uniform",0,0
200,0.75,0.1,3,"Central",0.0092,0.00135021183523179
200,0.75,0.1,3,"Tail",0.1892,0.00553901363060247
200,0.75,0.1,5,"Uniform",0,0
200,0.75,0.1,5,"Central",0.0082,0.00127536347760158
200,0.75,0.1,5,"Tail",0.1984,0.00563981276284949
200,0.75,0.1,8,"Uniform",0,0
200,0.75,0.1,8,"Central",0.008,0.00125984125984189
200,0.75,0.1,8,"Tail",0.1768,0.00539521565834027
200,0.75,0.2,1,"Uniform",0,0
200,0.75,0.2,1,"Central",6e-04,0.000346306222872186
200,0.75,0.2,1,"Tail",0.5642,0.00701253677352212
200,0.75,0.2,2,"Uniform",0,0
200,0.75,0.2,2,"Central",2e-04,0.0001999799989999
200,0.75,0.2,2,"Tail",0.6356,0.00680606553009887
200,0.75,0.2,3,"Uniform",0,0
200,0.75,0.2,3,"Central",0,0
200,0.75,0.2,3,"Tail",0.6464,0.00676116912966981
200,0.75,0.2,5,"Uniform",0,0
200,0.75,0.2,5,"Central",2e-04,0.0001999799989999
200,0.75,0.2,5,"Tail",0.6506,0.00674269441692266
200,0.75,0.2,8,"Uniform",0,0
200,0.75,0.2,8,"Central",0,0
200,0.75,0.2,8,"Tail",0.5752,0.00699063602256619
200,0.75,0.4,1,"Uniform",0,0
200,0.75,0.4,1,"Central",0.6952,0.00650994562189271
200,0.75,0.4,1,"Tail",0.0024,0.000691988439209789
200,0.75,0.4,2,"Uniform",0,0
200,0.75,0.4,2,"Central",0.6026,0.00692059592809752
200,0.75,0.4,2,"Tail",0.0034,0.0008232180756033
200,0.75,0.4,3,"Uniform",0,0
200,0.75,0.4,3,"Central",0.5366,0.00705209812750787
200,0.75,0.4,3,"Tail",0.0034,0.0008232180756033
200,0.75,0.4,5,"Uniform",0,0
200,0.75,0.4,5,"Central",0.4464,0.00703032061857779
200,0.75,0.4,5,"Tail",0.0058,0.00107390502373348
200,0.75,0.4,8,"Uniform",0,0
200,0.75,0.4,8,"Central",0.3366,0.00668282036269119
200,0.75,0.4,8,"Tail",0.005,0.000997496867163
500,0.25,0.05,1,"Uniform",0,0
500,0.25,0.05,1,"Central",0.0634,0.00344617004803884
500,0.25,0.05,1,"Tail",0.0398,0.00276463234445378
500,0.25,0.05,2,"Uniform",0,0
500,0.25,0.05,2,"Central",0.0536,0.00318518570887162
500,0.25,0.05,2,"Tail",0.0382,0.0027107474983849
500,0.25,0.05,3,"Uniform",0,0
500,0.25,0.05,3,"Central",0.0604,0.00336903072114221
500,0.25,0.05,3,"Tail",0.0326,0.00251146331846595
500,0.25,0.05,5,"Uniform",0,0
500,0.25,0.05,5,"Central",0.0588,0.00332693733033852
500,0.25,0.05,5,"Tail",0.0466,0.00298088711627931
500,0.25,0.05,8,"Uniform",0,0
500,0.25,0.05,8,"Central",0.0584,0.00331630637909105
500,0.25,0.05,8,"Tail",0.0496,0.00307049963361014
500,0.25,0.1,1,"Uniform",0,0
500,0.25,0.1,1,"Central",0.0784,0.00380140605565888
500,0.25,0.1,1,"Tail",0.0302,0.00242024626846112
500,0.25,0.1,2,"Uniform",0,0
500,0.25,0.1,2,"Central",0.0668,0.00353094208392038
500,0.25,0.1,2,"Tail",0.0346,0.0025846794772273
500,0.25,0.1,3,"Uniform",0,0
500,0.25,0.1,3,"Central",0.0726,0.00366958417262774
500,0.25,0.1,3,"Tail",0.0304,0.00242799670510485
500,0.25,0.1,5,"Uniform",0,0
500,0.25,0.1,5,"Central",0.0636,0.0034512328232097
500,0.25,0.1,5,"Tail",0.0468,0.00298696367570816
500,0.25,0.1,8,"Uniform",0,0
500,0.25,0.1,8,"Central",0.0606,0.00337424480439698
500,0.25,0.1,8,"Tail",0.049,0.00305283474822991
500,0.25,0.2,1,"Uniform",0,0
500,0.25,0.2,1,"Central",0.1084,0.00439657685023246
500,0.25,0.2,1,"Tail",0.022,0.00207441558035028
500,0.25,0.2,2,"Uniform",0,0
500,0.25,0.2,2,"Central",0.0876,0.00399815557476194
500,0.25,0.2,2,"Tail",0.0244,0.00218195508661384
500,0.25,0.2,3,"Uniform",0,0
500,0.25,0.2,3,"Central",0.0816,0.0038714710382489
500,0.25,0.2,3,"Tail",0.0318,0.00248148181536758
500,0.25,0.2,5,"Uniform",0,0
500,0.25,0.2,5,"Central",0.0666,0.00352603006226549
500,0.25,0.2,5,"Tail",0.0404,0.00278452293939195
500,0.25,0.2,8,"Uniform",0,0
500,0.25,0.2,8,"Central",0.045,0.00293172304285381
500,0.25,0.2,8,"Tail",0.0582,0.003310974478911
500,0.25,0.4,1,"Uniform",0,0
500,0.25,0.4,1,"Central",0.1718,0.00533450578779328
500,0.25,0.4,1,"Tail",0.0152,0.00173025778426222
500,0.25,0.4,2,"Uniform",0,0
500,0.25,0.4,2,"Central",0.1056,0.00434623147105628
500,0.25,0.4,2,"Tail",0.0278,0.00232495849425318
500,0.25,0.4,3,"Uniform",0,0
500,0.25,0.4,3,"Central",0.0804,0.0038454086908936
500,0.25,0.4,3,"Tail",0.0296,0.00239682456596222
500,0.25,0.4,5,"Uniform",0,0
500,0.25,0.4,5,"Central",0.0446,0.00291927525252416
500,0.25,0.4,5,"Tail",0.0628,0.00343092290790685
500,0.25,0.4,8,"Uniform",0,0
500,0.25,0.4,8,"Central",0.0198,0.00197017562668915
500,0.25,0.4,8,"Tail",0.0992,0.00422751369010202
500,0.5,0.05,1,"Uniform",0,0
500,0.5,0.05,1,"Central",0.0504,0.00309385972532693
500,0.5,0.05,1,"Tail",0.0544,0.0032075111847038
500,0.5,0.05,2,"Uniform",0,0
500,0.5,0.05,2,"Central",0.0448,0.00292550713552369
500,0.5,0.05,2,"Tail",0.0506,0.00309966578843591
500,0.5,0.05,3,"Uniform",0,0
500,0.5,0.05,3,"Central",0.0506,0.00309966578843591
500,0.5,0.05,3,"Tail",0.0462,0.00296868859936505
500,0.5,0.05,5,"Uniform",0,0
500,0.5,0.05,5,"Central",0.0502,0.00308804015517933
500,0.5,0.05,5,"Tail",0.0522,0.00314563697841947
500,0.5,0.05,8,"Uniform",0,0
500,0.5,0.05,8,"Central",0.0512,0.0031170036894428
500,0.5,0.05,8,"Tail",0.052,0.00313993630508646
500,0.5,0.1,1,"Uniform",0,0
500,0.5,0.1,1,"Central",0.056,0.00325158422926425
500,0.5,0.1,1,"Tail",0.0514,0.00312275647465504
500,0.5,0.1,2,"Uniform",0,0
500,0.5,0.1,2,"Central",0.0482,0.00302908435009658
500,0.5,0.1,2,"Tail",0.0536,0.00318518570887162
500,0.5,0.1,3,"Uniform",0,0
500,0.5,0.1,3,"Central",0.0596,0.00334806929438445
500,0.5,0.1,3,"Tail",0.0478,0.00301712313305241
500,0.5,0.1,5,"Uniform",0,0
500,0.5,0.1,5,"Central",0.054,0.00319637294444813
500,0.5,0.1,5,"Tail",0.0578,0.00330027756408457
500,0.5,0.1,8,"Uniform",0,0
500,0.5,0.1,8,"Central",0.0598,0.00335332551357604
500,0.5,0.1,8,"Tail",0.0572,0.00328414859590732
500,0.5,0.2,1,"Uniform",0,0
500,0.5,0.2,1,"Central",0.057,0.00327874976172321
500,0.5,0.2,1,"Tail",0.055,0.0032241277890307
500,0.5,0.2,2,"Uniform",0,0
500,0.5,0.2,2,"Central",0.0546,0.00321306209090332
500,0.5,0.2,2,"Tail",0.057,0.00327874976172321
500,0.5,0.2,3,"Uniform",0,0
500,0.5,0.2,3,"Central",0.0698,0.00360355269144216
500,0.5,0.2,3,"Tail",0.0548,0.00321860093829602
500,0.5,0.2,5,"Uniform",0,0
500,0.5,0.2,5,"Central",0.069,0.00358438279205779
500,0.5,0.2,5,"Tail",0.0714,0.0036414843127494
500,0.5,0.2,8,"Uniform",0,0
500,0.5,0.2,8,"Central",0.0754,0.00373402838767999
500,0.5,0.2,8,"Tail",0.0642,0.00346636293541227
500,0.5,0.4,1,"Uniform",0,0
500,0.5,0.4,1,"Central",0.0984,0.00421230198347649
500,0.5,0.4,1,"Tail",0.0796,0.00382789341544406
500,0.5,0.4,2,"Uniform",0,0
500,0.5,0.4,2,"Central",0.095,0.00414668542332307
500,0.5,0.4,2,"Tail",0.0744,0.0037111895667023
500,0.5,0.4,3,"Uniform",0,0
500,0.5,0.4,3,"Central",0.0974,0.00419316682234323
500,0.5,0.4,3,"Tail",0.0728,0.00367423896882062
500,0.5,0.4,5,"Uniform",0,0
500,0.5,0.4,5,"Central",0.0966,0.00417776112289824
500,0.5,0.4,5,"Tail",0.069,0.00358438279205779
500,0.5,0.4,8,"Uniform",0,0
500,0.5,0.4,8,"Central",0.0794,0.00382349682882045
500,0.5,0.4,8,"Tail",0.0626,0.00342582077756557
500,0.75,0.05,1,"Uniform",0,0
500,0.75,0.05,1,"Central",0.0146,0.00169628063715884
500,0.75,0.05,1,"Tail",0.1256,0.00468667558083552
500,0.75,0.05,2,"Uniform",0,0
500,0.75,0.05,2,"Central",0.0136,0.00163798901095215
500,0.75,0.05,2,"Tail",0.1108,0.00443899448073547
500,0.75,0.05,3,"Uniform",0,0
500,0.75,0.05,3,"Central",0.0174,0.00184917495116065
500,0.75,0.05,3,"Tail",0.109,0.00440724403681031
500,0.75,0.05,5,"Uniform",0,0
500,0.75,0.05,5,"Central",0.0194,0.00195057119839292
500,0.75,0.05,5,"Tail",0.1208,0.00460884714435183
500,0.75,0.05,8,"Uniform",0,0
500,0.75,0.05,8,"Central",0.02,0.00197989898732233
500,0.75,0.05,8,"Tail",0.1306,0.00476536756189908
500,0.75,0.1,1,"Uniform",0,0
500,0.75,0.1,1,"Central",8e-04,0.000399839967987194
500,0.75,0.1,1,"Tail",0.3106,0.00654412163701134
500,0.75,0.1,2,"Uniform",0,0
500,0.75,0.1,2,"Central",0.0026,0.000720172201629582
500,0.75,0.1,2,"Tail",0.33,0.00664981202741852
500,0.75,0.1,3,"Uniform",0,0
500,0.75,0.1,3,"Central",0.002,0.000631822759957253
500,0.75,0.1,3,"Tail",0.3252,0.00662487675357059
500,0.75,0.1,5,"Uniform",0,0
500,0.75,0.1,5,"Central",0.0012,0.000489603921552922
500,0.75,0.1,5,"Tail",0.3452,0.0067236442499585
500,0.75,0.1,8,"Uniform",0,0
500,0.75,0.1,8,"Central",0.0014,0.000528779727296726
500,0.75,0.1,8,"Tail",0.3708,0.00683092028939
500,0.75,0.2,1,"Uniform",0,0
500,0.75,0.2,1,"Central",0,0
500,0.75,0.2,1,"Tail",0.9166,0.00391010076596499
500,0.75,0.2,2,"Uniform",0,0
500,0.75,0.2,2,"Central",0,0
500,0.75,0.2,2,"Tail",0.9442,0.00324611644892786
500,0.75,0.2,3,"Uniform",0,0
500,0.75,0.2,3,"Central",0,0
500,0.75,0.2,3,"Tail",0.9544,0.00295027591929975
500,0.75,0.2,5,"Uniform",0,0
500,0.75,0.2,5,"Central",0,0
500,0.75,0.2,5,"Tail",0.9672,0.00251889499582655
500,0.75,0.2,8,"Uniform",0,0
500,0.75,0.2,8,"Central",0,0
500,0.75,0.2,8,"Tail",0.9654,0.0025846794772273
500,0.75,0.4,1,"Uniform",0,0
500,0.75,0.4,1,"Central",0.9086,0.00407543960818953
500,0.75,0.4,1,"Tail",2e-04,0.0001999799989999
500,0.75,0.4,2,"Uniform",0,0
500,0.75,0.4,2,"Central",0.866,0.00481755124518671
500,0.75,0.4,2,"Tail",0,0
500,0.75,0.4,3,"Uniform",0,0
500,0.75,0.4,3,"Central",0.8256,0.00536627692166552
500,0.75,0.4,3,"Tail",2e-04,0.0001999799989999
500,0.75,0.4,5,"Uniform",0,0
500,0.75,0.4,5,"Central",0.7388,0.00621248034202121
500,0.75,0.4,5,"Tail",0.0016,0.000565232695444982
500,0.75,0.4,8,"Uniform",0,0
500,0.75,0.4,8,"Central",0.6158,0.00687881326974355
500,0.75,0.4,8,"Tail",0.0028,0.000747283078893133
1000,0.25,0.05,1,"Uniform",0,0
1000,0.25,0.05,1,"Central",0.0666,0.00352603006226549
1000,0.25,0.05,1,"Tail",0.0386,0.00272433624943765
1000,0.25,0.05,2,"Uniform",0,0
1000,0.25,0.05,2,"Central",0.0744,0.0037111895667023
1000,0.25,0.05,2,"Tail",0.0366,0.00265557677350891
1000,0.25,0.05,3,"Uniform",0,0
1000,0.25,0.05,3,"Central",0.061,0.00338464178311383
1000,0.25,0.05,3,"Tail",0.0324,0.00250400638976821
1000,0.25,0.05,5,"Uniform",0,0
1000,0.25,0.05,5,"Central",0.0678,0.00355536664775941
1000,0.25,0.05,5,"Tail",0.0402,0.00277791144567281
1000,0.25,0.05,8,"Uniform",0,0
1000,0.25,0.05,8,"Central",0.0742,0.00370659844061911
1000,0.25,0.05,8,"Tail",0.0414,0.00281730509529941
1000,0.25,0.1,1,"Uniform",0,0
1000,0.25,0.1,1,"Central",0.093,0.00410733490234239
1000,0.25,0.1,1,"Tail",0.0264,0.00226729089443768
1000,0.25,0.1,2,"Uniform",0,0
1000,0.25,0.1,2,"Central",0.0986,0.00421611290171409
1000,0.25,0.1,2,"Tail",0.0284,0.00234918879615922
1000,0.25,0.1,3,"Uniform",0,0
1000,0.25,0.1,3,"Central",0.0804,0.0038454086908936
1000,0.25,0.1,3,"Tail",0.0254,0.00222507707731665
1000,0.25,0.1,5,"Uniform",0,0
1000,0.25,0.1,5,"Central",0.0754,0.00373402838767999
1000,0.25,0.1,5,"Tail",0.0348,0.00259187036712873
1000,0.25,0.1,8,"Uniform",0,0
1000,0.25,0.1,8,"Central",0.0692,0.00358918820905229
1000,0.25,0.1,8,"Tail",0.04,0.0027712812921102
1000,0.25,0.2,1,"Uniform",0,0
1000,0.25,0.2,1,"Central",0.1532,0.00509371691400298
1000,0.25,0.2,1,"Tail",0.0182,0.00189043698651925
1000,0.25,0.2,2,"Uniform",0,0
1000,0.25,0.2,2,"Central",0.1354,0.004838736198637
1000,0.25,0.2,2,"Tail",0.0204,0.00199919183671803
1000,0.25,0.2,3,"Uniform",0,0
1000,0.25,0.2,3,"Central",0.1054,0.00434259922166437
1000,0.25,0.2,3,"Tail",0.0226,0.00210186774084384
1000,0.25,0.2,5,"Uniform",0,0
1000,0.25,0.2,5,"Central",0.0782,0.00379696615734194
1000,0.25,0.2,5,"Tail",0.0362,0.00264157377334043
1000,0.25,0.2,8,"Uniform",0,0
1000,0.25,0.2,8,"Central",0.059,0.00333223648620562
1000,0.25,0.2,8,"Tail",0.0506,0.00309966578843591
1000,0.25,0.4,1,"Uniform",0,0
1000,0.25,0.4,1,"Central",0.251,0.00613186757847884
1000,0.25,0.4,1,"Tail",0.0072,0.00119567219587979
1000,0.25,0.4,2,"Uniform",0,0
1000,0.25,0.4,2,"Central",0.1694,0.00530478350170862
1000,0.25,0.4,2,"Tail",0.0154,0.00174142700105402
1000,0.25,0.4,3,"Uniform",0,0
1000,0.25,0.4,3,"Central",0.0954,0.00415448769404845
1000,0.25,0.4,3,"Tail",0.028,0.00233306665142683
1000,0.25,0.4,5,"Uniform",0,0
1000,0.25,0.4,5,"Central",0.0394,0.00275127752144345
1000,0.25,0.4,5,"Tail",0.061,0.00338464178311383
1000,0.25,0.4,8,"Uniform",0,0
1000,0.25,0.4,8,"Central",0.0196,0.001960399959192
1000,0.25,0.4,8,"Tail",0.1114,0.004449495252273
1000,0.5,0.05,1,"Uniform",0,0
1000,0.5,0.05,1,"Central",0.0518,0.0031342227106573
1000,0.5,0.05,1,"Tail",0.0572,0.00328414859590732
1000,0.5,0.05,2,"Uniform",0,0
1000,0.5,0.05,2,"Central",0.045,0.00293172304285381
1000,0.5,0.05,2,"Tail",0.052,0.00313993630508646
1000,0.5,0.05,3,"Uniform",0,0
1000,0.5,0.05,3,"Central",0.0506,0.00309966578843591
1000,0.5,0.05,3,"Tail",0.0468,0.00298696367570816
1000,0.5,0.05,5,"Uniform",0,0
1000,0.5,0.05,5,"Central",0.0532,0.00317394895989208
1000,0.5,0.05,5,"Tail",0.0466,0.00298088711627931
1000,0.5,0.05,8,"Uniform",0,0
1000,0.5,0.05,8,"Central",0.0532,0.00317394895989208
1000,0.5,0.05,8,"Tail",0.0454,0.00294410733499986
1000,0.5,0.1,1,"Uniform",0,0
1000,0.5,0.1,1,"Central",0.048,0.00302311098043059
1000,0.5,0.1,1,"Tail",0.0628,0.00343092290790685
1000,0.5,0.1,2,"Uniform",0,0
1000,0.5,0.1,2,"Central",0.057,0.00327874976172321
1000,0.5,0.1,2,"Tail",0.0624,0.00342070869850094
1000,0.5,0.1,3,"Uniform",0,0
1000,0.5,0.1,3,"Central",0.0468,0.00298696367570816
1000,0.5,0.1,3,"Tail",0.0478,0.00301712313305241
1000,0.5,0.1,5,"Uniform",0,0
1000,0.5,0.1,5,"Central",0.0638,0.00345628586780665
1000,0.5,0.1,5,"Tail",0.0532,0.00317394895989208
1000,0.5,0.1,8,"Uniform",0,0
1000,0.5,0.1,8,"Central",0.069,0.00358438279205779
1000,0.5,0.1,8,"Tail",0.0598,0.00335332551357604
1000,0.5,0.2,1,"Uniform",0,0
1000,0.5,0.2,1,"Central",0.056,0.00325158422926425
1000,0.5,0.2,1,"Tail",0.0636,0.0034512328232097
1000,0.5,0.2,2,"Uniform",0,0
1000,0.5,0.2,2,"Central",0.0732,0.00368352439926764
1000,0.5,0.2,2,"Tail",0.064,0.00346132922444543
1000,0.5,0.2,3,"Uniform",0,0
1000,0.5,0.2,3,"Central",0.0654,0.00349636496950762
1000,0.5,0.2,3,"Tail",0.0564,0.00326248494249399
1000,0.5,0.2,5,"Uniform",0,0
1000,0.5,0.2,5,"Central",0.0724,0.00366492128155572
1000,0.5,0.2,5,"Tail",0.064,0.00346132922444543
1000,0.5,0.2,8,"Uniform",0,0
1000,0.5,0.2,8,"Central",0.0876,0.00399815557476194
1000,0.5,0.2,8,"Tail",0.0682,0.00356507391227728
1000,0.5,0.4,1,"Uniform",0,0
1000,0.5,0.4,1,"Central",0.1014,0.00426891180513254
1000,0.5,0.4,1,"Tail",0.0978,0.00420083705944422
1000,0.5,0.4,2,"Uniform",0,0
1000,0.5,0.4,2,"Central",0.1068,0.00436792307624573
1000,0.5,0.4,2,"Tail",0.0914,0.00407543960818953
1000,0.5,0.4,3,"Uniform",0,0
1000,0.5,0.4,3,"Central",0.0958,0.00416226765117286
1000,0.5,0.4,3,"Tail",0.0784,0.00380140605565888
1000,0.5,0.4,5,"Uniform",0,0
1000,0.5,0.4,5,"Central",0.0928,0.0041033683724472
1000,0.5,0.4,5,"Tail",0.0666,0.00352603006226549
1000,0.5,0.4,8,"Uniform",0,0
1000,0.5,0.4,8,"Central",0.0796,0.00382789341544406
1000,0.5,0.4,8,"Tail",0.0594,0.00334280241713446
1000,0.75,0.05,1,"Uniform",0,0
1000,0.75,0.05,1,"Central",0.0088,0.00132079975772257
1000,0.75,0.05,1,"Tail",0.178,0.0054095471159793
1000,0.75,0.05,2,"Uniform",0,0
1000,0.75,0.05,2,"Central",0.0104,0.00143470136265357
1000,0.75,0.05,2,"Tail",0.165,0.00524928566568824
1000,0.75,0.05,3,"Uniform",0,0
1000,0.75,0.05,3,"Central",0.0116,0.00151429455523026
1000,0.75,0.05,3,"Tail",0.1554,0.00512349177807479
1000,0.75,0.05,5,"Uniform",0,0
1000,0.75,0.05,5,"Central",0.0122,0.00155249218999646
1000,0.75,0.05,5,"Tail",0.147,0.00500781389430558
1000,0.75,0.05,8,"Uniform",0,0
1000,0.75,0.05,8,"Central",0.0126,0.00157741814367656
1000,0.75,0.05,8,"Tail",0.1676,0.00528223891924627
1000,0.75,0.1,1,"Uniform",0,0
1000,0.75,0.1,1,"Central",0,0
1000,0.75,0.1,1,"Tail",0.5146,0.00706805263138299
1000,0.75,0.1,2,"Uniform",0,0
1000,0.75,0.1,2,"Central",0,0
1000,0.75,0.1,2,"Tail",0.5338,0.00705489277026944
1000,0.75,0.1,3,"Uniform",0,0
1000,0.75,0.1,3,"Central",4e-04,0.000282786138274138
1000,0.75,0.1,3,"Tail",0.5222,0.00706409456335347
1000,0.75,0.1,5,"Uniform",0,0
1000,0.75,0.1,5,"Central",0,0
1000,0.75,0.1,5,"Tail",0.5426,0.00704535648494808
1000,0.75,0.1,8,"Uniform",0,0
1000,0.75,0.1,8,"Central",0,0
1000,0.75,0.1,8,"Tail",0.5688,0.00700380696478708
1000,0.75,0.2,1,"Uniform",0,0
1000,0.75,0.2,1,"Central",0,0
1000,0.75,0.2,1,"Tail",0.9984,0.00056523269544499
1000,0.75,0.2,2,"Uniform",0,0
1000,0.75,0.2,2,"Central",0,0
1000,0.75,0.2,2,"Tail",0.9988,0.000489603921552918
1000,0.75,0.2,3,"Uniform",0,0
1000,0.75,0.2,3,"Central",0,0
1000,0.75,0.2,3,"Tail",0.9994,0.000346306222872199
1000,0.75,0.2,5,"Uniform",0,0
1000,0.75,0.2,5,"Central",0,0
1000,0.75,0.2,5,"Tail",0.9996,0.000282786138274123
1000,0.75,0.2,8,"Uniform",0,0
1000,0.75,0.2,8,"Central",0,0
1000,0.75,0.2,8,"Tail",0.9994,0.000346306222872199
1000,0.75,0.4,1,"Uniform",0,0
1000,0.75,0.4,1,"Central",0.988,0.00153987012439361
1000,0.75,0.4,1,"Tail",0,0
1000,0.75,0.4,2,"Uniform",0,0
1000,0.75,0.4,2,"Central",0.9792,0.00201828441999635
1000,0.75,0.4,2,"Tail",0,0
1000,0.75,0.4,3,"Uniform",0,0
1000,0.75,0.4,3,"Central",0.9672,0.00251889499582655
1000,0.75,0.4,3,"Tail",0,0
1000,0.75,0.4,5,"Uniform",0,0
1000,0.75,0.4,5,"Central",0.9224,0.00378360251612137
1000,0.75,0.4,5,"Tail",0,0
1000,0.75,0.4,8,"Uniform",0,0
1000,0.75,0.4,8,"Central",0.8362,0.00523391937270723
1000,0.75,0.4,8,"Tail",0,0
