"n","pi","mu","r","Weight","Power","MCSE"
50,0.1,0.5,1,"Uniform",0,0
50,0.1,0.5,1,"Central",0.0468,0.00298696367570816
50,0.1,0.5,1,"Tail",0.0532,0.00317394895989208
50,0.1,0.5,2,"Uniform",0,0
50,0.1,0.5,2,"Central",0.047,0.00299302522541993
50,0.1,0.5,2,"Tail",0.052,0.00313993630508646
50,0.1,0.5,3,"Uniform",0,0
50,0.1,0.5,3,"Central",0.0472,0.00299907185642492
50,0.1,0.5,3,"Tail",0.0494,0.0030646252625729
50,0.1,0.5,5,"Uniform",0,0
50,0.1,0.5,5,"Central",0.0402,0.00277791144567281
50,0.1,0.5,5,"Tail",0.0478,0.00301712313305241
50,0.1,0.5,8,"Uniform",0,0
50,0.1,0.5,8,"Central",0.0496,0.00307049963361014
50,0.1,0.5,8,"Tail",0.058,0.00330563155841664
50,0.1,1,1,"Uniform",0,0
50,0.1,1,1,"Central",0.0502,0.00308804015517933
50,0.1,1,1,"Tail",0.0538,0.00319078548323136
50,0.1,1,2,"Uniform",0,0
50,0.1,1,2,"Central",0.0354,0.00261330595223751
50,0.1,1,2,"Tail",0.0642,0.00346636293541227
50,0.1,1,3,"Uniform",0,0
50,0.1,1,3,"Central",0.0378,0.00269707841932711
50,0.1,1,3,"Tail",0.0652,0.00349138826256834
50,0.1,1,5,"Uniform",0,0
50,0.1,1,5,"Central",0.0358,0.00262748396760094
50,0.1,1,5,"Tail",0.0696,0.00359877312427444
50,0.1,1,8,"Uniform",0,0
50,0.1,1,8,"Central",0.0412,0.00281078494374792
50,0.1,1,8,"Tail",0.092,0.00408744418922143
50,0.1,1.5,1,"Uniform",0,0
50,0.1,1.5,1,"Central",0.0474,0.00300510365877785
50,0.1,1.5,1,"Tail",0.0618,0.00340531232047811
50,0.1,1.5,2,"Uniform",0,0
50,0.1,1.5,2,"Central",0.0344,0.00257746542168852
50,0.1,1.5,2,"Tail",0.093,0.00410733490234239
50,0.1,1.5,3,"Uniform",0,0
50,0.1,1.5,3,"Central",0.0354,0.00261330595223751
50,0.1,1.5,3,"Tail",0.0982,0.00420848571341284
50,0.1,1.5,5,"Uniform",0,0
50,0.1,1.5,5,"Central",0.0286,0.0023572034277932
50,0.1,1.5,5,"Tail",0.1298,0.0047529350931819
50,0.1,1.5,8,"Uniform",0,0
50,0.1,1.5,8,"Central",0.0326,0.00251146331846595
50,0.1,1.5,8,"Tail",0.1402,0.0049100704679261
50,0.2,0.5,1,"Uniform",0,0
50,0.2,0.5,1,"Central",0.0514,0.00312275647465504
50,0.2,0.5,1,"Tail",0.0564,0.00326248494249399
50,0.2,0.5,2,"Uniform",0,0
50,0.2,0.5,2,"Central",0.0412,0.00281078494374792
50,0.2,0.5,2,"Tail",0.0634,0.00344617004803884
50,0.2,0.5,3,"Uniform",0,0
50,0.2,0.5,3,"Central",0.0434,0.00288154264240528
50,0.2,0.5,3,"Tail",0.0626,0.00342582077756557
50,0.2,0.5,5,"Uniform",0,0
50,0.2,0.5,5,"Central",0.0328,0.00251889499582654
50,0.2,0.5,5,"Tail",0.073,0.00367888570086106
50,0.2,0.5,8,"Uniform",0,0
50,0.2,0.5,8,"Central",0.0508,0.00310545842026584
50,0.2,0.5,8,"Tail",0.0718,0.00365088372863338
50,0.2,1,1,"Uniform",0,0
50,0.2,1,1,"Central",0.0472,0.00299907185642492
50,0.2,1,1,"Tail",0.0612,0.00338982477423244
50,0.2,1,2,"Uniform",0,0
50,0.2,1,2,"Central",0.0328,0.00251889499582654
50,0.2,1,2,"Tail",0.0938,0.00412314346100157
50,0.2,1,3,"Uniform",0,0
50,0.2,1,3,"Central",0.029,0.00237314137800511
50,0.2,1,3,"Tail",0.118,0.00456236780630409
50,0.2,1,5,"Uniform",0,0
50,0.2,1,5,"Central",0.0254,0.00222507707731665
50,0.2,1,5,"Tail",0.138,0.00487762237160689
50,0.2,1,8,"Uniform",0,0
50,0.2,1,8,"Central",0.0248,0.00219931625738546
50,0.2,1,8,"Tail",0.1608,0.00519506227104161
50,0.2,1.5,1,"Uniform",0,0
50,0.2,1.5,1,"Central",0.0332,0.0025336834845734
50,0.2,1.5,1,"Tail",0.0748,0.00372034837078465
50,0.2,1.5,2,"Uniform",0,0
50,0.2,1.5,2,"Central",0.021,0.002027757381937
50,0.2,1.5,2,"Tail",0.16,0.00518459255872629
50,0.2,1.5,3,"Uniform",0,0
50,0.2,1.5,3,"Central",0.0178,0.00186992834087299
50,0.2,1.5,3,"Tail",0.2128,0.00578819764693639
50,0.2,1.5,5,"Uniform",0,0
50,0.2,1.5,5,"Central",0.0114,0.00150133540556399
50,0.2,1.5,5,"Tail",0.2986,0.006472063658525
50,0.2,1.5,8,"Uniform",0,0
50,0.2,1.5,8,"Central",0.015,0.00171901134376711
50,0.2,1.5,8,"Tail",0.329,0.00664468208419334
50,0.3,0.5,1,"Uniform",0,0
50,0.3,0.5,1,"Central",0.0488,0.00304691844328003
50,0.3,0.5,1,"Tail",0.0622,0.00341558662604244
50,0.3,0.5,2,"Uniform",0,0
50,0.3,0.5,2,"Central",0.0378,0.00269707841932711
50,0.3,0.5,2,"Tail",0.0716,0.00364618814654428
50,0.3,0.5,3,"Uniform",0,0
50,0.3,0.5,3,"Central",0.0374,0.00268332778467335
50,0.3,0.5,3,"Tail",0.0704,0.00361784023970103
50,0.3,0.5,5,"Uniform",0,0
50,0.3,0.5,5,"Central",0.0336,0.00254837359898426
50,0.3,0.5,5,"Tail",0.0852,0.0039481884453506
50,0.3,0.5,8,"Uniform",0,0
50,0.3,0.5,8,"Central",0.0366,0.00265557677350891
50,0.3,0.5,8,"Tail",0.0988,0.00421991848262499
50,0.3,1,1,"Uniform",0,0
50,0.3,1,1,"Central",0.0434,0.00288154264240528
50,0.3,1,1,"Tail",0.071,0.00363205176174569
50,0.3,1,2,"Uniform",0,0
50,0.3,1,2,"Central",0.025,0.00220794021658196
50,0.3,1,2,"Tail",0.1242,0.004664211830524
50,0.3,1,3,"Uniform",0,0
50,0.3,1,3,"Central",0.019,0.00193075114916449
50,0.3,1,3,"Tail",0.1618,0.00520808525275845
50,0.3,1,5,"Uniform",0,0
50,0.3,1,5,"Central",0.0184,0.00190060200989055
50,0.3,1,5,"Tail",0.221,0.00586786162072692
50,0.3,1,8,"Uniform",0,0
50,0.3,1,8,"Central",0.015,0.00171901134376711
50,0.3,1,8,"Tail",0.264,0.00623384311640901
50,0.3,1.5,1,"Uniform",0,0
50,0.3,1.5,1,"Central",0.0318,0.00248148181536758
50,0.3,1.5,1,"Tail",0.104,0.00431703602023425
50,0.3,1.5,2,"Uniform",0,0
50,0.3,1.5,2,"Central",0.0078,0.00124411896537268
50,0.3,1.5,2,"Tail",0.244,0.00607394435272501
50,0.3,1.5,3,"Uniform",0,0
50,0.3,1.5,3,"Central",0.0082,0.00127536347760158
50,0.3,1.5,3,"Tail",0.3334,0.00666699992500375
50,0.3,1.5,5,"Uniform",0,0
50,0.3,1.5,5,"Central",0.0024,0.000691988439209789
50,0.3,1.5,5,"Tail",0.4614,0.00704996510629663
50,0.3,1.5,8,"Uniform",0,0
50,0.3,1.5,8,"Central",0.0046,0.000956957679315026
50,0.3,1.5,8,"Tail",0.5308,0.00705763926536345
100,0.1,0.5,1,"Uniform",0,0
100,0.1,0.5,1,"Central",0.0496,0.00307049963361014
100,0.1,0.5,1,"Tail",0.0502,0.00308804015517933
100,0.1,0.5,2,"Uniform",0,0
100,0.1,0.5,2,"Central",0.051,0.00311123769583746
100,0.1,0.5,2,"Tail",0.0562,0.00325704037432759
100,0.1,0.5,3,"Uniform",0,0
100,0.1,0.5,3,"Central",0.0482,0.00302908435009658
100,0.1,0.5,3,"Tail",0.0548,0.00321860093829602
100,0.1,0.5,5,"Uniform",0,0
100,0.1,0.5,5,"Central",0.046,0.00296256645495084
100,0.1,0.5,5,"Tail",0.0536,0.00318518570887162
100,0.1,0.5,8,"Uniform",0,0
100,0.1,0.5,8,"Central",0.041,0.00280424677944007
100,0.1,0.5,8,"Tail",0.0694,0.00359398497492686
100,0.1,1,1,"Uniform",0,0
100,0.1,1,1,"Central",0.0506,0.00309966578843591
100,0.1,1,1,"Tail",0.0468,0.00298696367570816
100,0.1,1,2,"Uniform",0,0
100,0.1,1,2,"Central",0.0432,0.00287519599331941
100,0.1,1,2,"Tail",0.0562,0.00325704037432759
100,0.1,1,3,"Uniform",0,0
100,0.1,1,3,"Central",0.0444,0.00291302729132427
100,0.1,1,3,"Tail",0.064,0.00346132922444543
100,0.1,1,5,"Uniform",0,0
100,0.1,1,5,"Central",0.0372,0.00267642149146953
100,0.1,1,5,"Tail",0.0832,0.00390583563402251
100,0.1,1,8,"Uniform",0,0
100,0.1,1,8,"Central",0.0356,0.00262040607540129
100,0.1,1,8,"Tail",0.11,0.00442492937796752
100,0.1,1.5,1,"Uniform",0,0
100,0.1,1.5,1,"Central",0.0484,0.00303504332753257
100,0.1,1.5,1,"Tail",0.0482,0.00302908435009658
100,0.1,1.5,2,"Uniform",0,0
100,0.1,1.5,2,"Central",0.0278,0.00232495849425318
100,0.1,1.5,2,"Tail",0.0802,0.00384104048403554
100,0.1,1.5,3,"Uniform",0,0
100,0.1,1.5,3,"Central",0.032,0.00248901586977665
100,0.1,1.5,3,"Tail",0.1024,0.00428752236145772
100,0.1,1.5,5,"Uniform",0,0
100,0.1,1.5,5,"Central",0.0228,0.00211093154791907
100,0.1,1.5,5,"Tail",0.1448,0.00497660446489371
100,0.1,1.5,8,"Uniform",0,0
100,0.1,1.5,8,"Central",0.0236,0.00214676687136727
100,0.1,1.5,8,"Tail",0.187,0.0055141817162658
100,0.2,0.5,1,"Uniform",0,0
100,0.2,0.5,1,"Central",0.0454,0.00294410733499986
100,0.2,0.5,1,"Tail",0.0486,0.0030409879973456
100,0.2,0.5,2,"Uniform",0,0
100,0.2,0.5,2,"Central",0.0436,0.00288787257336608
100,0.2,0.5,2,"Tail",0.0574,0.0032895361375124
100,0.2,0.5,3,"Uniform",0,0
100,0.2,0.5,3,"Central",0.045,0.00293172304285381
100,0.2,0.5,3,"Tail",0.0592,0.0033375248313683
100,0.2,0.5,5,"Uniform",0,0
100,0.2,0.5,5,"Central",0.0316,0.00247392158323581
100,0.2,0.5,5,"Tail",0.0696,0.00359877312427444
100,0.2,0.5,8,"Uniform",0,0
100,0.2,0.5,8,"Central",0.0398,0.00276463234445378
100,0.2,0.5,8,"Tail",0.0898,0.00404316608612607
100,0.2,1,1,"Uniform",0,0
100,0.2,1,1,"Central",0.0474,0.00300510365877785
100,0.2,1,1,"Tail",0.0546,0.00321306209090332
100,0.2,1,2,"Uniform",0,0
100,0.2,1,2,"Central",0.0288,0.00236518751899294
100,0.2,1,2,"Tail",0.0896,0.00403910485132535
100,0.2,1,3,"Uniform",0,0
100,0.2,1,3,"Central",0.0262,0.00225891832521674
100,0.2,1,3,"Tail",0.1182,0.00456571483997851
100,0.2,1,5,"Uniform",0,0
100,0.2,1,5,"Central",0.0182,0.00189043698651925
100,0.2,1,5,"Tail",0.1616,0.00520548633654916
100,0.2,1,8,"Uniform",0,0
100,0.2,1,8,"Central",0.015,0.00171901134376711
100,0.2,1,8,"Tail",0.2304,0.005955095969
100,0.2,1.5,1,"Uniform",0,0
100,0.2,1.5,1,"Central",0.0342,0.0025702280054501
100,0.2,1.5,1,"Tail",0.068,0.00356022471200906
100,0.2,1.5,2,"Uniform",0,0
100,0.2,1.5,2,"Central",0.0154,0.00174142700105402
100,0.2,1.5,2,"Tail",0.1604,0.00518983313797274
100,0.2,1.5,3,"Uniform",0,0
100,0.2,1.5,3,"Central",0.0112,0.00148825804214189
100,0.2,1.5,3,"Tail",0.2382,0.00602429680543713
100,0.2,1.5,5,"Uniform",0,0
100,0.2,1.5,5,"Central",0.005,0.000997496867163
100,0.2,1.5,5,"Tail",0.3616,0.00679478388177284
100,0.2,1.5,8,"Uniform",0,0
100,0.2,1.5,8,"Central",0.0044,0.000936017093861004
100,0.2,1.5,8,"Tail",0.4736,0.00706120442984056
100,0.3,0.5,1,"Uniform",0,0
100,0.3,0.5,1,"Central",0.0524,0.00315132480077824
100,0.3,0.5,1,"Tail",0.0552,0.0032296427046966
100,0.3,0.5,2,"Uniform",0,0
100,0.3,0.5,2,"Central",0.0384,0.00271755183943195
100,0.3,0.5,2,"Tail",0.076,0.00374763925691895
100,0.3,0.5,3,"Uniform",0,0
100,0.3,0.5,3,"Central",0.0444,0.00291302729132427
100,0.3,0.5,3,"Tail",0.0822,0.00388440883533132
100,0.3,0.5,5,"Uniform",0,0
100,0.3,0.5,5,"Central",0.029,0.00237314137800511
100,0.3,0.5,5,"Tail",0.0906,0.00405935068699417
100,0.3,0.5,8,"Uniform",0,0
100,0.3,0.5,8,"Central",0.0272,0.00230044169671826
100,0.3,0.5,8,"Tail",0.132,0.00478698234799336
100,0.3,1,1,"Uniform",0,0
100,0.3,1,1,"Central",0.0366,0.00265557677350891
100,0.3,1,1,"Tail",0.0718,0.00365088372863338
100,0.3,1,2,"Uniform",0,0
100,0.3,1,2,"Central",0.0182,0.00189043698651925
100,0.3,1,2,"Tail",0.1416,0.00493050585640054
100,0.3,1,3,"Uniform",0,0
100,0.3,1,3,"Central",0.0106,0.00144828450243728
100,0.3,1,3,"Tail",0.1782,0.00541192682877365
100,0.3,1,5,"Uniform",0,0
100,0.3,1,5,"Central",0.0072,0.00119567219587979
100,0.3,1,5,"Tail",0.2788,0.00634145976885449
100,0.3,1,8,"Uniform",0,0
100,0.3,1,8,"Central",0.0086,0.00130583613060751
100,0.3,1,8,"Tail",0.379,0.0068608891552043
100,0.3,1.5,1,"Uniform",0,0
100,0.3,1.5,1,"Central",0.0268,0.00228393344911799
100,0.3,1.5,1,"Tail",0.1008,0.00425768387741504
100,0.3,1.5,2,"Uniform",0,0
100,0.3,1.5,2,"Central",0.009,0.00133558975737312
100,0.3,1.5,2,"Tail",0.2694,0.00627413165306563
100,0.3,1.5,3,"Uniform",0,0
100,0.3,1.5,3,"Central",0.0022,0.000662594898863551
100,0.3,1.5,3,"Tail",0.4114,0.00695916719155389
100,0.3,1.5,5,"Uniform",0,0
100,0.3,1.5,5,"Central",0.001,0.00044698993277254
100,0.3,1.5,5,"Tail",0.5906,0.00695401524300889
100,0.3,1.5,8,"Uniform",0,0
100,0.3,1.5,8,"Central",0,0
100,0.3,1.5,8,"Tail",0.7124,0.0064013473581739
200,0.1,0.5,1,"Uniform",0,0
200,0.1,0.5,1,"Central",0.0448,0.00292550713552369
200,0.1,0.5,1,"Tail",0.0522,0.00314563697841947
200,0.1,0.5,2,"Uniform",0,0
200,0.1,0.5,2,"Central",0.0546,0.00321306209090332
200,0.1,0.5,2,"Tail",0.0526,0.00315699984162179
200,0.1,0.5,3,"Uniform",0,0
200,0.1,0.5,3,"Central",0.0516,0.00312849612433834
200,0.1,0.5,3,"Tail",0.0562,0.00325704037432759
200,0.1,0.5,5,"Uniform",0,0
200,0.1,0.5,5,"Central",0.0462,0.00296868859936505
200,0.1,0.5,5,"Tail",0.051,0.00311123769583746
200,0.1,0.5,8,"Uniform",0,0
200,0.1,0.5,8,"Central",0.0396,0.00275796446677618
200,0.1,0.5,8,"Tail",0.056,0.00325158422926425
200,0.1,1,1,"Uniform",0,0
200,0.1,1,1,"Central",0.0514,0.00312275647465504
200,0.1,1,1,"Tail",0.0448,0.00292550713552369
200,0.1,1,2,"Uniform",0,0
200,0.1,1,2,"Central",0.0426,0.00285605462132642
200,0.1,1,2,"Tail",0.0554,0.00323514574633045
200,0.1,1,3,"Uniform",0,0
200,0.1,1,3,"Central",0.0422,0.00284320804725929
200,0.1,1,3,"Tail",0.0672,0.00354073890593475
200,0.1,1,5,"Uniform",0,0
200,0.1,1,5,"Central",0.0342,0.0025702280054501
200,0.1,1,5,"Tail",0.0802,0.00384104048403554
200,0.1,1,8,"Uniform",0,0
200,0.1,1,8,"Central",0.0262,0.00225891832521674
200,0.1,1,8,"Tail",0.1042,0.00432070272062312
200,0.1,1.5,1,"Uniform",0,0
200,0.1,1.5,1,"Central",0.0476,0.00301112072159188
200,0.1,1.5,1,"Tail",0.0464,0.00297479545515318
200,0.1,1.5,2,"Uniform",0,0
200,0.1,1.5,2,"Central",0.033,0.00252630164469724
200,0.1,1.5,2,"Tail",0.0752,0.00372947610261817
200,0.1,1.5,3,"Uniform",0,0
200,0.1,1.5,3,"Central",0.0308,0.00244341400503476
200,0.1,1.5,3,"Tail",0.1174,0.00455230139599741
200,0.1,1.5,5,"Uniform",0,0
200,0.1,1.5,5,"Central",0.017,0.00182816848238886
200,0.1,1.5,5,"Tail",0.1566,0.00513958052763063
200,0.1,1.5,8,"Uniform",0,0
200,0.1,1.5,8,"Central",0.0146,0.00169628063715884
200,0.1,1.5,8,"Tail",0.2188,0.00584682067452047
200,0.2,0.5,1,"Uniform",0,0
200,0.2,0.5,1,"Central",0.0494,0.0030646252625729
200,0.2,0.5,1,"Tail",0.0488,0.00304691844328003
200,0.2,0.5,2,"Uniform",0,0
200,0.2,0.5,2,"Central",0.049,0.00305283474822991
200,0.2,0.5,2,"Tail",0.061,0.00338464178311383
200,0.2,0.5,3,"Uniform",0,0
200,0.2,0.5,3,"Central",0.0468,0.00298696367570816
200,0.2,0.5,3,"Tail",0.0654,0.00349636496950762
200,0.2,0.5,5,"Uniform",0,0
200,0.2,0.5,5,"Central",0.0318,0.00248148181536758
200,0.2,0.5,5,"Tail",0.0738,0.00369739259478893
200,0.2,0.5,8,"Uniform",0,0
200,0.2,0.5,8,"Central",0.0276,0.00231681850821336
200,0.2,0.5,8,"Tail",0.0848,0.0039397705516946
200,0.2,1,1,"Uniform",0,0
200,0.2,1,1,"Central",0.045,0.00293172304285381
200,0.2,1,1,"Tail",0.0582,0.003310974478911
200,0.2,1,2,"Uniform",0,0
200,0.2,1,2,"Central",0.031,0.00245108139399735
200,0.2,1,2,"Tail",0.0908,0.00406338184275118
200,0.2,1,3,"Uniform",0,0
200,0.2,1,3,"Central",0.0228,0.00211093154791907
200,0.2,1,3,"Tail",0.1396,0.00490126187833297
200,0.2,1,5,"Uniform",0,0
200,0.2,1,5,"Central",0.0138,0.00164982180855994
200,0.2,1,5,"Tail",0.2132,0.00579216298113235
200,0.2,1,8,"Uniform",0,0
200,0.2,1,8,"Central",0.0068,0.00116221856808433
200,0.2,1,8,"Tail",0.2792,0.00634424715785884
200,0.2,1.5,1,"Uniform",0,0
200,0.2,1.5,1,"Central",0.0276,0.00231681850821336
200,0.2,1.5,1,"Tail",0.0796,0.00382789341544406
200,0.2,1.5,2,"Uniform",0,0
200,0.2,1.5,2,"Central",0.012,0.00153987012439361
200,0.2,1.5,2,"Tail",0.1892,0.00553901363060247
200,0.2,1.5,3,"Uniform",0,0
200,0.2,1.5,3,"Central",0.0044,0.000936017093861004
200,0.2,1.5,3,"Tail",0.332,0.00665996996990227
200,0.2,1.5,5,"Uniform",0,0
200,0.2,1.5,5,"Central",0.0024,0.000691988439209789
200,0.2,1.5,5,"Tail",0.491,0.00706992220607837
200,0.2,1.5,8,"Uniform",0,0
200,0.2,1.5,8,"Central",2e-04,0.0001999799989999
200,0.2,1.5,8,"Tail",0.6286,0.00683318432357858
200,0.3,0.5,1,"Uniform",0,0
200,0.3,0.5,1,"Central",0.0398,0.00276463234445378
200,0.3,0.5,1,"Tail",0.0668,0.00353094208392038
200,0.3,0.5,2,"Uniform",0,0
200,0.3,0.5,2,"Central",0.0366,0.00265557677350891
200,0.3,0.5,2,"Tail",0.0804,0.0038454086908936
200,0.3,0.5,3,"Uniform",0,0
200,0.3,0.5,3,"Central",0.0348,0.00259187036712873
200,0.3,0.5,3,"Tail",0.1066,0.00436431987828573
200,0.3,0.5,5,"Uniform",0,0
200,0.3,0.5,5,"Central",0.025,0.00220794021658196
200,0.3,0.5,5,"Tail",0.1124,0.00446690586424205
200,0.3,0.5,8,"Uniform",0,0
200,0.3,0.5,8,"Central",0.0182,0.00189043698651925
200,0.3,0.5,8,"Tail",0.1472,0.00501063189627815
200,0.3,1,1,"Uniform",0,0
200,0.3,1,1,"Central",0.0348,0.00259187036712873
200,0.3,1,1,"Tail",0.0856,0.00395658034165869
200,0.3,1,2,"Uniform",0,0
200,0.3,1,2,"Central",0.0166,0.00180690010791964
200,0.3,1,2,"Tail",0.1626,0.00521845264422319
200,0.3,1,3,"Uniform",0,0
200,0.3,1,3,"Central",0.0074,0.00121204290353106
200,0.3,1,3,"Tail",0.2646,0.00623837863551099
200,0.3,1,5,"Uniform",0,0
200,0.3,1,5,"Central",0.0028,0.000747283078893133
200,0.3,1,5,"Tail",0.386,0.00688482389026764
200,0.3,1,8,"Uniform",0,0
200,0.3,1,8,"Central",0.0016,0.000565232695444982
200,0.3,1,8,"Tail",0.5208,0.00706494670892853
200,0.3,1.5,1,"Uniform",0,0
200,0.3,1.5,1,"Central",0.0166,0.00180690010791964
200,0.3,1.5,1,"Tail",0.1358,0.00484475716625715
200,0.3,1.5,2,"Uniform",0,0
200,0.3,1.5,2,"Central",0.0032,0.000798718974358316
200,0.3,1.5,2,"Tail",0.3644,0.00680606553009887
200,0.3,1.5,3,"Uniform",0,0
200,0.3,1.5,3,"Central",0.0018,0.000599459756781054
200,0.3,1.5,3,"Tail",0.572,0.00699737093485832
200,0.3,1.5,5,"Uniform",0,0
200,0.3,1.5,5,"Central",2e-04,0.0001999799989999
200,0.3,1.5,5,"Tail",0.757,0.00606549256037793
200,0.3,1.5,8,"Uniform",0,0
200,0.3,1.5,8,"Central",0,0
200,0.3,1.5,8,"Tail",0.8596,0.00491299989822919
500,0.1,0.5,1,"Uniform",0,0
500,0.1,0.5,1,"Central",0.055,0.0032241277890307
500,0.1,0.5,1,"Tail",0.039,0.00273784586856163
500,0.1,0.5,2,"Uniform",0,0
500,0.1,0.5,2,"Central",0.0546,0.00321306209090332
500,0.1,0.5,2,"Tail",0.0474,0.00300510365877785
500,0.1,0.5,3,"Uniform",0,0
500,0.1,0.5,3,"Central",0.0458,0.00295642892693195
500,0.1,0.5,3,"Tail",0.0452,0.00293792307591605
500,0.1,0.5,5,"Uniform",0,0
500,0.1,0.5,5,"Central",0.0466,0.00298088711627931
500,0.1,0.5,5,"Tail",0.0518,0.0031342227106573
500,0.1,0.5,8,"Uniform",0,0
500,0.1,0.5,8,"Central",0.0442,0.00290676314824583
500,0.1,0.5,8,"Tail",0.0628,0.00343092290790685
500,0.1,1,1,"Uniform",0,0
500,0.1,1,1,"Central",0.0616,0.00340015999623547
500,0.1,1,1,"Tail",0.0338,0.0025556822963741
500,0.1,1,2,"Uniform",0,0
500,0.1,1,2,"Central",0.0582,0.003310974478911
500,0.1,1,2,"Tail",0.0486,0.0030409879973456
500,0.1,1,3,"Uniform",0,0
500,0.1,1,3,"Central",0.0322,0.00249652398346181
500,0.1,1,3,"Tail",0.065,0.00348640215695206
500,0.1,1,5,"Uniform",0,0
500,0.1,1,5,"Central",0.033,0.00252630164469724
500,0.1,1,5,"Tail",0.0902,0.00405127041802939
500,0.1,1,8,"Uniform",0,0
500,0.1,1,8,"Central",0.0248,0.00219931625738546
500,0.1,1,8,"Tail",0.1382,0.00488058930867984
500,0.1,1.5,1,"Uniform",0,0
500,0.1,1.5,1,"Central",0.057,0.00327874976172321
500,0.1,1.5,1,"Tail",0.0398,0.00276463234445378
500,0.1,1.5,2,"Uniform",0,0
500,0.1,1.5,2,"Central",0.0234,0.00213786996798215
500,0.1,1.5,2,"Tail",0.0898,0.00404316608612607
500,0.1,1.5,3,"Uniform",0,0
500,0.1,1.5,3,"Central",0.0154,0.00174142700105402
500,0.1,1.5,3,"Tail",0.1306,0.00476536756189908
500,0.1,1.5,5,"Uniform",0,0
500,0.1,1.5,5,"Central",0.0088,0.00132079975772257
500,0.1,1.5,5,"Tail",0.2382,0.00602429680543713
500,0.1,1.5,8,"Uniform",0,0
500,0.1,1.5,8,"Central",0.003,0.00077343390150678
500,0.1,1.5,8,"Tail",0.3756,0.00684871725215752
500,0.2,0.5,1,"Uniform",0,0
500,0.2,0.5,1,"Central",0.0556,0.00324063697442339
500,0.2,0.5,1,"Tail",0.0456,0.00295027591929975
500,0.2,0.5,2,"Uniform",0,0
500,0.2,0.5,2,"Central",0.0464,0.00297479545515318
500,0.2,0.5,2,"Tail",0.063,0.00343601513384327
500,0.2,0.5,3,"Uniform",0,0
500,0.2,0.5,3,"Central",0.0376,0.00269021337443705
500,0.2,0.5,3,"Tail",0.07,0.00360832371053374
500,0.2,0.5,5,"Uniform",0,0
500,0.2,0.5,5,"Central",0.033,0.00252630164469724
500,0.2,0.5,5,"Tail",0.0828,0.00389728520896277
500,0.2,0.5,8,"Uniform",0,0
500,0.2,0.5,8,"Central",0.0272,0.00230044169671826
500,0.2,0.5,8,"Tail",0.1132,0.00448075350806089
500,0.2,1,1,"Uniform",0,0
500,0.2,1,1,"Central",0.0504,0.00309385972532693
500,0.2,1,1,"Tail",0.0556,0.00324063697442339
500,0.2,1,2,"Uniform",0,0
500,0.2,1,2,"Central",0.0236,0.00214676687136727
500,0.2,1,2,"Tail",0.1236,0.00465452553973012
500,0.2,1,3,"Uniform",0,0
500,0.2,1,3,"Central",0.0108,0.00146173595426807
500,0.2,1,3,"Tail",0.1788,0.00541905083939983
500,0.2,1,5,"Uniform",0,0
500,0.2,1,5,"Central",0.0034,0.0008232180756033
500,0.2,1,5,"Tail",0.3162,0.00657597992697666
500,0.2,1,8,"Uniform",0,0
500,0.2,1,8,"Central",0.0016,0.000565232695444982
500,0.2,1,8,"Tail",0.4708,0.00705899936251591
500,0.2,1.5,1,"Uniform",0,0
500,0.2,1.5,1,"Central",0.0302,0.00242024626846112
500,0.2,1.5,1,"Tail",0.081,0.00385847119984068
500,0.2,1.5,2,"Uniform",0,0
500,0.2,1.5,2,"Central",0.005,0.000997496867163
500,0.2,1.5,2,"Tail",0.2958,0.00645449238902642
500,0.2,1.5,3,"Uniform",0,0
500,0.2,1.5,3,"Central",8e-04,0.000399839967987194
500,0.2,1.5,3,"Tail",0.508,0.00707016265725195
500,0.2,1.5,5,"Uniform",0,0
500,0.2,1.5,5,"Central",0,0
500,0.2,1.5,5,"Tail",0.767,0.00597847806720072
500,0.2,1.5,8,"Uniform",0,0
500,0.2,1.5,8,"Central",0,0
500,0.2,1.5,8,"Tail",0.9074,0.00409939605307904
500,0.3,0.5,1,"Uniform",0,0
500,0.3,0.5,1,"Central",0.0488,0.00304691844328003
500,0.3,0.5,1,"Tail",0.0654,0.00349636496950762
500,0.3,0.5,2,"Uniform",0,0
500,0.3,0.5,2,"Central",0.0322,0.00249652398346181
500,0.3,0.5,2,"Tail",0.0966,0.00417776112289824
500,0.3,0.5,3,"Uniform",0,0
500,0.3,0.5,3,"Central",0.0226,0.00210186774084384
500,0.3,0.5,3,"Tail",0.1242,0.004664211830524
500,0.3,0.5,5,"Uniform",0,0
500,0.3,0.5,5,"Central",0.014,0.00166156552684509
500,0.3,0.5,5,"Tail",0.17,0.00531224999411737
500,0.3,0.5,8,"Uniform",0,0
500,0.3,0.5,8,"Central",0.0094,0.00136467138901642
500,0.3,0.5,8,"Tail",0.243,0.00606549256037793
500,0.3,1,1,"Uniform",0,0
500,0.3,1,1,"Central",0.0276,0.00231681850821336
500,0.3,1,1,"Tail",0.1072,0.00437511508420064
500,0.3,1,2,"Uniform",0,0
500,0.3,1,2,"Central",0.0076,0.00122818891055082
500,0.3,1,2,"Tail",0.2592,0.0061970212199088
500,0.3,1,3,"Uniform",0,0
500,0.3,1,3,"Central",4e-04,0.000282786138274138
500,0.3,1,3,"Tail",0.427,0.00699529842108255
500,0.3,1,5,"Uniform",0,0
500,0.3,1,5,"Central",2e-04,0.0001999799989999
500,0.3,1,5,"Tail",0.6436,0.00677316823945781
500,0.3,1,8,"Uniform",0,0
500,0.3,1,8,"Central",0,0
500,0.3,1,8,"Tail",0.806,0.00559220886591336
500,0.3,1.5,1,"Uniform",0,0
500,0.3,1.5,1,"Central",0.0128,0.0015897270205919
500,0.3,1.5,1,"Tail",0.1792,0.005423787606461
500,0.3,1.5,2,"Uniform",0,0
500,0.3,1.5,2,"Central",2e-04,0.0001999799989999
500,0.3,1.5,2,"Tail",0.5704,0.00700062625770009
500,0.3,1.5,3,"Uniform",0,0
500,0.3,1.5,3,"Central",4e-04,0.000282786138274138
500,0.3,1.5,3,"Tail",0.8142,0.00550051561219491
500,0.3,1.5,5,"Uniform",0,0
500,0.3,1.5,5,"Central",0,0
500,0.3,1.5,5,"Tail",0.9576,0.00284963997726029
500,0.3,1.5,8,"Uniform",0,0
500,0.3,1.5,8,"Central",0,0
500,0.3,1.5,8,"Tail",0.9916,0.00129069283720024
1000,0.1,0.5,1,"Uniform",0,0
1000,0.1,0.5,1,"Central",0.0614,0.00339499749631719
1000,0.1,0.5,1,"Tail",0.0328,0.00251889499582654
1000,0.1,0.5,2,"Uniform",0,0
1000,0.1,0.5,2,"Central",0.0468,0.00298696367570816
1000,0.1,0.5,2,"Tail",0.0466,0.00298088711627931
1000,0.1,0.5,3,"Uniform",0,0
1000,0.1,0.5,3,"Central",0.0458,0.00295642892693195
1000,0.1,0.5,3,"Tail",0.052,0.00313993630508646
1000,0.1,0.5,5,"Uniform",0,0
1000,0.1,0.5,5,"Central",0.047,0.00299302522541993
1000,0.1,0.5,5,"Tail",0.0548,0.00321860093829602
1000,0.1,0.5,8,"Uniform",0,0
1000,0.1,0.5,8,"Central",0.0362,0.00264157377334043
1000,0.1,0.5,8,"Tail",0.0694,0.00359398497492686
1000,0.1,1,1,"Uniform",0,0
1000,0.1,1,1,"Central",0.0768,0.00376568081493905
1000,0.1,1,1,"Tail",0.032,0.00248901586977665
1000,0.1,1,2,"Uniform",0,0
1000,0.1,1,2,"Central",0.0478,0.00301712313305241
1000,0.1,1,2,"Tail",0.0496,0.00307049963361014
1000,0.1,1,3,"Uniform",0,0
1000,0.1,1,3,"Central",0.0314,0.00246633493264804
1000,0.1,1,3,"Tail",0.0712,0.00363677219523027
1000,0.1,1,5,"Uniform",0,0
1000,0.1,1,5,"Central",0.0166,0.00180690010791964
1000,0.1,1,5,"Tail",0.1168,0.00454219682532582
1000,0.1,1,8,"Uniform",0,0
1000,0.1,1,8,"Central",0.0114,0.00150133540556399
1000,0.1,1,8,"Tail",0.1814,0.00544966127387749
1000,0.1,1.5,1,"Uniform",0,0
1000,0.1,1.5,1,"Central",0.0676,0.0035504996831432
1000,0.1,1.5,1,"Tail",0.0324,0.00250400638976821
1000,0.1,1.5,2,"Uniform",0,0
1000,0.1,1.5,2,"Central",0.0194,0.00195057119839292
1000,0.1,1.5,2,"Tail",0.1064,0.0043607118684912
1000,0.1,1.5,3,"Uniform",0,0
1000,0.1,1.5,3,"Central",0.0072,0.00119567219587979
1000,0.1,1.5,3,"Tail",0.2034,0.00569259940624668
1000,0.1,1.5,5,"Uniform",0,0
1000,0.1,1.5,5,"Central",0.0024,0.000691988439209789
1000,0.1,1.5,5,"Tail",0.4004,0.00692935552558822
1000,0.1,1.5,8,"Uniform",0,0
1000,0.1,1.5,8,"Central",6e-04,0.000346306222872186
1000,0.1,1.5,8,"Tail",0.6068,0.00690787608458635
1000,0.2,0.5,1,"Uniform",0,0
1000,0.2,0.5,1,"Central",0.0566,0.00326791799162709
1000,0.2,0.5,1,"Tail",0.0512,0.0031170036894428
1000,0.2,0.5,2,"Uniform",0,0
1000,0.2,0.5,2,"Central",0.0396,0.00275796446677618
1000,0.2,0.5,2,"Tail",0.0694,0.00359398497492686
1000,0.2,0.5,3,"Uniform",0,0
1000,0.2,0.5,3,"Central",0.0302,0.00242024626846112
1000,0.2,0.5,3,"Tail",0.0852,0.0039481884453506
1000,0.2,0.5,5,"Uniform",0,0
1000,0.2,0.5,5,"Central",0.016,0.00177448584102551
1000,0.2,0.5,5,"Tail",0.116,0.00452866426223009
1000,0.2,0.5,8,"Uniform",0,0
1000,0.2,0.5,8,"Central",0.0158,0.00176353962246387
1000,0.2,0.5,8,"Tail",0.1756,0.00538079250668524
1000,0.2,1,1,"Uniform",0,0
1000,0.2,1,1,"Central",0.0506,0.00309966578843591
1000,0.2,1,1,"Tail",0.0504,0.00309385972532693
1000,0.2,1,2,"Uniform",0,0
1000,0.2,1,2,"Central",0.0118,0.00152713850059515
1000,0.2,1,2,"Tail",0.1522,0.00508006220434357
1000,0.2,1,3,"Uniform",0,0
1000,0.2,1,3,"Central",0.0036,0.000846999409681022
1000,0.2,1,3,"Tail",0.283,0.00637041599897526
1000,0.2,1,5,"Uniform",0,0
1000,0.2,1,5,"Central",0.001,0.00044698993277254
1000,0.2,1,5,"Tail",0.4992,0.00707105876089288
1000,0.2,1,8,"Uniform",0,0
1000,0.2,1,8,"Central",4e-04,0.000282786138274138
1000,0.2,1,8,"Tail",0.7004,0.00647826890457628
1000,0.2,1.5,1,"Uniform",0,0
1000,0.2,1.5,1,"Central",0.0296,0.00239682456596222
1000,0.2,1.5,1,"Tail",0.0996,0.00423508772046105
1000,0.2,1.5,2,"Uniform",0,0
1000,0.2,1.5,2,"Central",0.001,0.00044698993277254
1000,0.2,1.5,2,"Tail",0.4502,0.00703590733310211
1000,0.2,1.5,3,"Uniform",0,0
1000,0.2,1.5,3,"Central",2e-04,0.0001999799989999
1000,0.2,1.5,3,"Tail",0.7632,0.00601208383175085
1000,0.2,1.5,5,"Uniform",0,0
1000,0.2,1.5,5,"Central",0,0
1000,0.2,1.5,5,"Tail",0.9564,0.00288787257336607
1000,0.2,1.5,8,"Uniform",0,0
1000,0.2,1.5,8,"Central",0,0
1000,0.2,1.5,8,"Tail",0.9938,0.00111009549138801
1000,0.3,0.5,1,"Uniform",0,0
1000,0.3,0.5,1,"Central",0.0456,0.00295027591929975
1000,0.3,0.5,1,"Tail",0.0662,0.00351617860752266
1000,0.3,0.5,2,"Uniform",0,0
1000,0.3,0.5,2,"Central",0.0208,0.00201828441999635
1000,0.3,0.5,2,"Tail",0.1202,0.00459895553359673
1000,0.3,0.5,3,"Uniform",0,0
1000,0.3,0.5,3,"Central",0.0146,0.00169628063715884
1000,0.3,0.5,3,"Tail",0.173,0.0053492242428225
1000,0.3,0.5,5,"Uniform",0,0
1000,0.3,0.5,5,"Central",0.0064,0.00112774465194919
1000,0.3,0.5,5,"Tail",0.2674,0.0062593488479234
1000,0.3,0.5,8,"Uniform",0,0
1000,0.3,0.5,8,"Central",0.003,0.00077343390150678
1000,0.3,0.5,8,"Tail",0.3586,0.00678241903748213
1000,0.3,1,1,"Uniform",0,0
1000,0.3,1,1,"Central",0.022,0.00207441558035028
1000,0.3,1,1,"Tail",0.1326,0.00479619098869092
1000,0.3,1,2,"Uniform",0,0
1000,0.3,1,2,"Central",0.0024,0.000691988439209789
1000,0.3,1,2,"Tail",0.4178,0.0069748571311533
1000,0.3,1,3,"Uniform",0,0
1000,0.3,1,3,"Central",4e-04,0.000282786138274138
1000,0.3,1,3,"Tail",0.6676,0.00666198528968655
1000,0.3,1,5,"Uniform",0,0
1000,0.3,1,5,"Central",0,0
1000,0.3,1,5,"Tail",0.8884,0.00445298641363299
1000,0.3,1,8,"Uniform",0,0
1000,0.3,1,8,"Central",0,0
1000,0.3,1,8,"Tail",0.9682,0.00248148181536759
1000,0.3,1.5,1,"Uniform",0,0
1000,0.3,1.5,1,"Central",0.0098,0.00139312311013779
1000,0.3,1.5,1,"Tail",0.246,0.00609071424383052
1000,0.3,1.5,2,"Uniform",0,0
1000,0.3,1.5,2,"Central",0,0
1000,0.3,1.5,2,"Tail",0.8088,0.00556134084551559
1000,0.3,1.5,3,"Uniform",0,0
1000,0.3,1.5,3,"Central",0,0
1000,0.3,1.5,3,"Tail",0.975,0.00220794021658196
1000,0.3,1.5,5,"Uniform",0,0
1000,0.3,1.5,5,"Central",0,0
1000,0.3,1.5,5,"Tail",0.9988,0.000489603921552918
1000,0.3,1.5,8,"Uniform",0,0
1000,0.3,1.5,8,"Central",0,0
1000,0.3,1.5,8,"Tail",1,0
